ticker,x_timestamp,open,high,low,close,volume,amount
AAPL,2025-01-02,248.93,249.1,241.8201,243.85,55740731.0,13592377254.35
AAPL,2025-01-03,243.36,244.18,241.89,243.36,40244114.0,9793807583.04
AAPL,2025-01-06,244.31,247.33,243.2,245.0,45045571.0,11036164895.0
AAPL,2025-01-07,242.98,245.55,241.35,242.21,40855960.0,9895722071.6
AAPL,2025-01-08,241.92,243.7123,240.05,242.7,37628940.0,9132543738.0
AAPL,2025-01-10,240.01,240.16,233.0,236.85,61710856.0,14616216243.6
AAPL,2025-01-13,233.53,234.67,229.72,234.4,49630725.0,11633441940.0
AAPL,2025-01-14,234.75,236.12,232.472,233.28,39435294.0,9199465384.32
AAPL,2025-01-15,234.635,238.96,234.43,237.87,39831969.0,9474830466.03
AAPL,2025-01-16,237.35,238.01,228.03,228.26,71759052.0,16379721209.519999
AAPL,2025-01-17,232.115,232.29,228.48,229.98,68488301.0,15750939463.98
AAPL,2025-01-21,224.0,224.42,219.38,222.64,98070429.0,21834400312.559998
AAPL,2025-01-22,219.79,224.12,219.79,223.83,64126500.0,14353434495.0
AAPL,2025-01-23,224.74,227.03,222.3,223.66,60234760.0,13472106421.6
AAPL,2025-01-24,224.78,225.63,221.41,222.78,54697907.0,12185599721.460001
AAPL,2025-01-27,224.02,232.15,223.98,229.86,94863418.0,21805305261.48
AAPL,2025-01-28,230.85,240.19,230.81,238.26,75707569.0,18038085389.94
AAPL,2025-01-29,234.12,239.855,234.01,239.36,45486100.0,10887552896.0
AAPL,2025-01-30,238.665,240.79,237.21,237.59,55658279.0,13223850507.61
AAPL,2025-01-31,247.19,247.19,233.44,236.0,101075128.0,23853730208.0
AAPL,2025-02-03,229.99,231.83,225.7,228.01,73063301.0,16659163261.01
AAPL,2025-02-04,227.25,233.13,226.65,232.8,45067301.0,10491667672.800001
AAPL,2025-02-05,228.53,232.67,228.27,232.47,39664989.0,9220919992.83
AAPL,2025-02-06,231.285,233.8,230.425,233.22,29925349.0,6979189893.78
AAPL,2025-02-07,232.6,234.0,227.26,227.63,39707224.0,9038555399.119999
AAPL,2025-02-10,229.57,230.585,227.2,227.65,33115645.0,7538776584.25
AAPL,2025-02-11,228.2,235.23,228.13,232.62,53718362.0,12495965368.44
AAPL,2025-02-12,231.2,236.96,230.68,236.87,45243292.0,10716778576.04
AAPL,2025-02-13,236.91,242.3399,235.57,241.53,53614054.0,12949402462.62
AAPL,2025-02-14,241.25,245.55,240.99,244.6,40896227.0,10003217124.199999
AAPL,2025-02-18,244.15,245.18,241.84,244.47,48822491.0,11935634374.77
AAPL,2025-02-19,244.66,246.01,243.1604,244.87,32204215.0,7885846127.05
AAPL,2025-02-20,244.94,246.78,244.29,245.83,32316907.0,7944465247.81
AAPL,2025-02-21,245.95,248.69,245.22,245.55,53197431.0,13062629182.050001
AAPL,2025-02-24,244.925,248.86,244.42,247.1,51326396.0,12682752451.6
AAPL,2025-02-25,248.0,250.0,244.91,247.04,48013272.0,11861198714.88
AAPL,2025-02-26,244.33,244.98,239.13,240.36,44433564.0,10680051443.04
AAPL,2025-02-27,239.41,242.46,237.06,237.3,41153639.0,9765758534.7
AAPL,2025-02-28,236.95,242.09,230.2,241.84,56833360.0,13744579782.4
AAPL,2025-03-03,241.79,244.0272,236.112,238.03,47183985.0,11231203949.55
AAPL,2025-03-04,237.705,240.07,234.68,235.93,53798062.0,12692576767.66
AAPL,2025-03-05,235.42,236.55,229.23,235.74,47227643.0,11133444560.82
AAPL,2025-03-06,234.435,237.86,233.1581,235.33,45170419.0,10629954703.27
AAPL,2025-03-07,235.105,241.37,234.76,239.07,46273565.0,11062621184.55
AAPL,2025-03-10,235.54,236.16,224.22,227.48,72071197.0,16394755893.56
AAPL,2025-03-11,223.805,225.8399,217.45,220.84,76137410.0,16814185624.4
AAPL,2025-03-12,220.14,221.75,214.91,216.98,62547467.0,13571549389.66
AAPL,2025-03-13,215.95,216.8394,208.42,209.68,61368330.0,12867711434.4
AAPL,2025-03-14,211.25,213.95,209.58,213.49,60107582.0,12832367681.18
AAPL,2025-03-17,213.31,215.22,209.97,214.0,48073426.0,10287713164.0
AAPL,2025-03-18,214.16,215.15,211.49,212.69,42432426.0,9024952685.94
AAPL,2025-03-19,214.22,218.76,213.75,215.24,54385391.0,11705911558.84
AAPL,2025-03-20,213.99,217.4899,212.22,214.1,48862947.0,10461556952.699999
AAPL,2025-03-21,211.56,218.84,211.28,218.27,94127768.0,20545267921.36
AAPL,2025-03-24,221.0,221.48,218.58,220.73,44299483.0,9778224882.59
AAPL,2025-03-25,220.77,224.1,220.08,223.75,34493583.0,7717939196.25
AAPL,2025-03-26,223.51,225.02,220.47,221.53,34532656.0,7650019283.68
AAPL,2025-03-27,221.39,224.99,220.5601,223.85,37094774.0,8303665159.9
AAPL,2025-03-28,221.67,223.81,217.68,217.9,39818617.0,8676476644.300001
AAPL,2025-03-31,217.005,225.62,216.23,222.13,65299321.0,14504938173.73
AAPL,2025-04-01,219.805,223.68,218.9,223.19,36412740.0,8126959440.6
AAPL,2025-04-02,221.315,225.19,221.02,223.89,35905904.0,8038972846.559999
AAPL,2025-04-03,205.54,207.49,201.25,203.19,103419006.0,21013707829.14
AAPL,2025-04-04,193.89,199.88,187.34,188.38,125910913.0,23719097790.94
AAPL,2025-04-07,177.2,194.15,174.62,181.46,160466286.0,29118212257.56
AAPL,2025-04-08,186.7,190.335,169.2101,172.42,120859491.0,20838593438.219997
AAPL,2025-04-09,171.95,200.61,171.89,198.85,184395885.0,36667121732.25
AAPL,2025-04-10,189.065,194.7799,183.0,190.42,121879981.0,23208385982.019997
AAPL,2025-04-11,186.1,199.54,186.06,198.15,87435915.0,17325426557.25
AAPL,2025-04-14,211.44,212.94,201.1621,202.52,101352911.0,20525991535.72
AAPL,2025-04-15,201.855,203.51,199.8,202.14,51343872.0,10378650286.08
AAPL,2025-04-16,198.36,200.7,192.37,194.27,59732423.0,11604217816.210001
AAPL,2025-04-17,197.2,198.8335,194.42,196.98,52164675.0,10275397681.5
AAPL,2025-04-21,193.265,193.8,189.8112,193.16,46742537.0,9028788446.92
AAPL,2025-04-22,196.12,201.59,195.97,199.74,52976371.0,10581500343.54
AAPL,2025-04-23,206.0,208.0,202.799,204.6,52929165.0,10829307159.0
AAPL,2025-04-24,204.89,208.8299,202.94,208.37,47310989.0,9858190777.93
AAPL,2025-04-25,206.365,209.75,206.2,209.28,38222258.0,7999154154.24
AAPL,2025-04-28,210.0,211.5,207.46,210.14,38743074.0,8141469570.36
AAPL,2025-04-29,208.693,212.24,208.37,211.21,36827633.0,7778364365.93
AAPL,2025-04-30,209.3,213.58,206.6705,212.5,52286454.0,11110871475.0
AAPL,2025-05-01,209.08,214.56,208.9,213.32,57365675.0,12237245791.0
AAPL,2025-05-02,206.09,206.99,202.16,205.35,101010621.0,20742531022.35
AAPL,2025-05-05,203.1,204.1,198.21,198.89,69018452.0,13727079918.279999
AAPL,2025-05-06,198.21,200.65,197.02,198.51,51216482.0,10166983841.82
AAPL,2025-05-07,199.17,199.44,193.25,196.25,68616943.0,13466075063.75
AAPL,2025-05-08,197.72,200.05,194.6796,197.49,50478872.0,9969072431.28
AAPL,2025-05-09,199.0,200.5399,197.535,198.53,36453923.0,7237197333.19
AAPL,2025-05-12,210.97,211.2679,206.75,210.79,63775814.0,13443303833.06
AAPL,2025-05-13,210.43,213.4,209.0,212.93,51909332.0,11053054062.76
AAPL,2025-05-14,212.43,213.94,210.5801,212.33,49325825.0,10473352422.25
AAPL,2025-05-15,210.95,212.96,209.54,211.45,45029473.0,9521482065.85
AAPL,2025-05-16,212.36,212.57,209.77,211.26,54737850.0,11563918191.0
AAPL,2025-05-19,207.91,209.48,204.26,208.78,46140527.0,9633219227.06
AAPL,2025-05-20,207.67,208.47,205.03,206.86,42496635.0,8790853916.1
AAPL,2025-05-21,205.17,207.04,200.71,202.09,59211774.0,11966107407.66
AAPL,2025-05-22,200.71,202.75,199.7,201.36,46742407.0,9412051073.52
AAPL,2025-05-23,193.665,197.7,193.46,195.27,78432918.0,15315595897.86
AAPL,2025-05-27,198.3,200.74,197.43,200.21,56288475.0,11269515579.75
AAPL,2025-05-28,200.59,202.73,199.9,200.42,45339678.0,9086978264.76
AAPL,2025-05-29,203.575,203.81,198.51,199.95,51477938.0,10293013703.099998
AAPL,2025-05-30,199.37,201.96,196.78,200.85,70819942.0,14224185350.699999
AAPL,2025-06-02,200.28,202.13,200.12,201.7,35423294.0,7144878399.799999
AAPL,2025-06-03,201.35,203.77,200.955,203.27,46381567.0,9427981124.09
AAPL,2025-06-04,202.91,206.24,202.1,202.82,43603985.0,8843760237.699999
AAPL,2025-06-05,203.5,204.75,200.15,200.63,55221235.0,11079036378.05
AAPL,2025-06-06,203.0,205.7,202.05,203.92,46607693.0,9504240756.56
AAPL,2025-06-09,204.39,206.0,200.02,201.45,72862557.0,14678162107.65
AAPL,2025-06-10,200.6,204.35,200.57,202.67,54672608.0,11080497463.359999
AAPL,2025-06-11,203.5,204.5,198.41,198.78,60989857.0,12123563774.460001
AAPL,2025-06-12,199.08,199.68,197.3601,199.2,43904635.0,8745803292.0
AAPL,2025-06-13,199.73,200.37,195.7,196.45,51447349.0,10106831711.05
AAPL,2025-06-16,197.3,198.685,196.5636,198.42,43020691.0,8536165508.219999
AAPL,2025-06-17,197.2,198.39,195.21,195.64,38856152.0,7601817577.28
AAPL,2025-06-18,195.94,197.57,195.07,196.58,45394689.0,8923687963.62
AAPL,2025-06-20,198.235,201.7,196.855,201.0,96813542.0,19459521942.0
AAPL,2025-06-23,201.625,202.3,198.96,201.5,55814272.0,11246575808.0
AAPL,2025-06-24,202.59,203.44,200.2,200.3,54064033.0,10829025809.900002
AAPL,2025-06-25,201.45,203.67,200.6201,201.56,39525730.0,7966806138.8
AAPL,2025-06-26,201.43,202.64,199.46,201.0,50799121.0,10210623321.0
AAPL,2025-06-27,201.89,203.22,200.0,201.08,73188571.0,14716757856.68
AAPL,2025-06-30,202.01,207.39,199.2607,205.17,91912816.0,18857752458.719997
AAPL,2025-07-01,206.665,210.1865,206.1401,207.82,78788867.0,16373902339.939999
AAPL,2025-07-02,208.91,213.34,208.14,212.44,67941811.0,14433558328.84
AAPL,2025-07-03,212.145,214.65,211.8101,213.55,34955836.0,7464818777.8
AAPL,2025-07-07,212.68,216.23,208.8,209.95,50228984.0,10545575190.8
AAPL,2025-07-08,210.1,211.43,208.45,210.01,42848928.0,8998703369.279999
AAPL,2025-07-09,209.53,211.33,207.22,211.14,48749367.0,10292941348.38
AAPL,2025-07-10,210.505,213.48,210.03,212.41,44443635.0,9440272510.35
AAPL,2025-07-11,210.565,212.13,209.86,211.16,39765812.0,8396948861.92
AAPL,2025-07-14,209.925,210.91,207.54,208.62,38840111.0,8102823956.820001
AAPL,2025-07-15,209.22,211.89,208.92,209.11,42296339.0,8844587448.29
AAPL,2025-07-16,210.295,212.4,208.64,210.16,47490532.0,9980610205.119999
AAPL,2025-07-17,210.57,211.8,209.59,210.02,48068141.0,10095270972.82
AAPL,2025-07-18,210.87,211.79,209.7045,211.18,48974591.0,10342454127.380001
AAPL,2025-07-21,212.1,215.78,211.63,212.48,51377434.0,10916677176.32
AAPL,2025-07-22,213.14,214.95,212.2301,214.4,46404072.0,9949033036.800001
AAPL,2025-07-23,215.0,215.15,212.41,214.15,46989301.0,10062758809.15
AAPL,2025-07-24,213.9,215.69,213.53,213.76,46022620.0,9837795251.199999
AAPL,2025-07-25,214.7,215.24,213.4,213.88,40268781.0,8612686880.28
AAPL,2025-07-28,214.03,214.845,213.06,214.05,37858017.0,8103508538.85
AAPL,2025-07-29,214.175,214.81,210.82,211.27,51411723.0,10861754718.210001
AAPL,2025-07-30,211.895,212.39,207.72,209.05,45512514.0,9514391051.7
AAPL,2025-07-31,208.49,209.84,207.16,207.57,80698431.0,16750573322.67
AAPL,2025-08-01,210.865,213.58,201.5,202.38,104434473.0,21135448645.739998
AAPL,2025-08-04,204.505,207.88,201.675,203.35,75109298.0,15273475748.3
AAPL,2025-08-05,203.4,205.34,202.16,202.92,44155079.0,8959948630.68
AAPL,2025-08-06,205.63,215.38,205.59,213.25,108483103.0,23134021714.75
AAPL,2025-08-07,218.875,220.85,216.58,220.03,90224834.0,19852170225.02
AAPL,2025-08-08,220.83,231.0,219.25,229.35,113853967.0,26112407331.45
AAPL,2025-08-11,227.92,229.56,224.76,227.18,61806132.0,14041117067.76
AAPL,2025-08-12,228.005,230.8,227.07,229.65,55672301.0,12785143924.65
AAPL,2025-08-13,231.07,235.0,230.43,233.33,69878546.0,16304761138.18
AAPL,2025-08-14,234.055,235.12,230.85,232.78,51916275.0,12085070494.5
AAPL,2025-08-15,234.0,234.28,229.335,231.59,56038657.0,12977992574.630001
AAPL,2025-08-18,231.7,233.12,230.11,230.89,37476188.0,8652877047.32
AAPL,2025-08-19,231.275,232.87,229.35,230.56,39402564.0,9084655155.84
AAPL,2025-08-20,229.98,230.47,225.77,226.01,42263865.0,9552056128.65
AAPL,2025-08-21,226.27,226.52,223.7804,224.9,30621249.0,6886718900.1
AAPL,2025-08-22,226.17,229.09,225.41,227.76,42477811.0,9674746233.359999
AAPL,2025-08-25,226.48,229.3,226.23,227.16,30983133.0,7038128492.28
AAPL,2025-08-26,226.87,229.49,224.69,229.31,54575107.0,12514617786.17
AAPL,2025-08-27,228.61,230.9,228.26,230.49,31259513.0,7205005151.37
AAPL,2025-08-28,230.82,233.41,229.335,232.56,38074700.0,8854652232.0
AAPL,2025-08-29,232.51,233.38,231.37,232.14,39418437.0,9150595965.18
AAPL,2025-09-02,229.25,230.85,226.97,229.72,44075638.0,10125055561.36
AAPL,2025-09-03,237.21,238.85,234.36,238.47,66427835.0,15841045812.45
AAPL,2025-09-04,238.45,239.8999,236.74,239.78,47549429.0,11401402085.62
AAPL,2025-09-05,239.995,241.32,238.4901,239.69,54870397.0,13151885456.93
AAPL,2025-09-08,239.3,240.15,236.34,237.88,48999495.0,11655999870.6
AAPL,2025-09-09,237.0,238.7805,233.36,234.35,66313918.0,15540666683.3
AAPL,2025-09-10,232.185,232.42,225.95,226.79,83440810.0,18923541299.899998
AAPL,2025-09-11,226.875,230.45,226.65,230.03,50208578.0,11549479197.34
AAPL,2025-09-12,229.22,234.51,229.02,234.07,55824216.0,13066774239.119999
AAPL,2025-09-15,237.0,238.19,235.03,236.7,42699524.0,10106977330.8
AAPL,2025-09-16,237.175,241.22,236.3235,238.15,63421099.0,15103734726.85
AAPL,2025-09-17,238.97,240.1,237.7301,238.99,46508017.0,11114950982.83
AAPL,2025-09-18,239.97,241.2,236.65,237.88,44249576.0,10526089138.88
AAPL,2025-09-19,241.225,246.3,240.2106,245.5,163741314.0,40198492587.0
AAPL,2025-09-22,248.3,256.64,248.12,256.08,105517416.0,27020899889.28
AAPL,2025-09-23,255.875,257.34,253.58,254.43,60275187.0,15335815828.41
AAPL,2025-09-24,255.22,255.74,251.04,252.31,42303710.0,10673649070.1
AAPL,2025-09-25,253.205,257.17,251.712,256.87,55202075.0,14179757005.25
AAPL,2025-09-26,254.095,257.6,253.78,255.46,46076258.0,11770640868.68
AAPL,2025-09-29,254.56,255.0,253.01,254.43,40127687.0,10209687403.41
AAPL,2025-09-30,254.855,255.919,253.11,254.63,37704259.0,9600635469.17
AAPL,2025-10-01,255.04,258.79,254.93,255.45,48713940.0,12443975973.0
AAPL,2025-10-02,256.575,258.18,254.15,257.13,42630239.0,10961513354.07
AAPL,2025-10-03,254.665,259.24,253.95,258.02,49155614.0,12683131524.279999
AAPL,2025-10-06,257.99,259.07,255.05,256.69,44664118.0,11464832449.42
AAPL,2025-10-07,256.805,257.4,255.43,256.48,31955776.0,8196017428.4800005
AAPL,2025-10-08,256.52,258.52,256.11,258.06,36496895.0,9418388723.7
AAPL,2025-10-09,257.805,258.0,253.14,254.04,38322012.0,9735323928.48
AAPL,2025-10-10,254.94,256.38,244.0,245.27,61999098.0,15206518766.460001
AAPL,2025-10-13,249.38,249.69,245.56,247.66,38142942.0,9446481015.72
AAPL,2025-10-14,246.6,248.845,244.7,247.77,35477986.0,8790380591.220001
AAPL,2025-10-15,249.485,251.82,247.47,249.34,33893611.0,8451032966.74
AAPL,2025-10-16,248.25,249.04,245.13,247.45,39776974.0,9842812216.3
AAPL,2025-10-17,248.02,253.38,247.27,252.29,49146961.0,12399286790.69
AAPL,2025-10-20,255.885,264.375,255.63,262.24,90483029.0,23728269524.96
AAPL,2025-10-21,261.88,265.29,261.83,262.77,46695948.0,12270294255.96
AAPL,2025-10-22,262.65,262.85,255.43,258.45,45015254.0,11634192396.3
AAPL,2025-10-23,259.94,260.62,258.0101,259.58,32754941.0,8502527584.78
AAPL,2025-10-24,261.19,264.13,259.18,262.82,38253717.0,10053841901.94
AAPL,2025-10-27,264.88,269.12,264.6501,268.81,44888152.0,12066384139.12
AAPL,2025-10-28,268.985,269.89,268.15,269.0,41534759.0,11172850171.0
AAPL,2025-10-29,269.275,271.41,267.11,269.7,51086742.0,13778094317.4
AAPL,2025-10-30,271.99,274.14,268.48,271.4,69886534.0,18967205327.6
AAPL,2025-10-31,276.99,277.32,269.16,270.37,86167123.0,23297005045.510002
AAPL,2025-11-03,270.42,270.85,266.25,269.05,50194583.0,13504852556.15
AAPL,2025-11-04,268.325,271.486,267.615,270.04,49274846.0,13306179413.84
AAPL,2025-11-05,268.61,271.7,266.93,270.14,43683072.0,11800545070.08
AAPL,2025-11-06,267.89,273.4,267.89,269.77,51204045.0,13813315219.65
AAPL,2025-11-07,269.795,272.29,266.77,268.47,48227365.0,12947600681.550001
AAPL,2025-11-10,268.96,273.73,267.455,269.43,41312412.0,11130803165.16
AAPL,2025-11-11,269.81,275.91,269.8,275.25,46208318.0,12718839529.5
AAPL,2025-11-12,275.0,275.73,271.7,273.47,48397982.0,13235396137.54
AAPL,2025-11-13,274.11,276.699,272.09,272.95,49602794.0,13539082622.3
AAPL,2025-11-14,271.05,275.96,269.6,272.41,47431331.0,12920768877.710001
AAPL,2025-11-17,268.815,270.49,265.73,267.46,45018260.0,12040583819.599998
AAPL,2025-11-18,269.99,270.71,265.32,267.44,45677278.0,12215931228.32
AAPL,2025-11-19,265.525,272.21,265.5,268.56,40424492.0,10856401571.52
AAPL,2025-11-20,270.83,275.43,265.92,266.25,45823568.0,12200524980.0
AAPL,2025-11-21,265.95,273.33,265.67,271.49,59030832.0,16026280579.68
AAPL,2025-11-24,270.9,277.0,270.9,275.92,65585796.0,18096432832.32
AAPL,2025-11-25,275.27,280.38,275.25,276.97,46914220.0,12993831513.400002
AAPL,2025-11-26,276.96,279.53,276.63,277.55,33431423.0,9278891453.65
AAPL,2025-11-28,277.26,279.0,275.9865,278.85,20135620.0,5614817637.0
AAPL,2025-12-01,278.01,283.42,276.14,283.1,46587722.0,13188984098.2
AAPL,2025-12-02,283.0,287.4,282.6301,286.19,53669532.0,15359683363.08
AAPL,2025-12-03,286.2,288.62,283.3,284.15,43538687.0,12371517911.05
AAPL,2025-12-04,284.095,284.73,278.59,280.7,43989056.0,12347728019.199999
AAPL,2025-12-05,280.54,281.14,278.05,278.78,47265845.0,13176772269.099998
AAPL,2025-12-08,278.13,279.6693,276.15,277.89,38211832.0,10618685994.48
AAPL,2025-12-09,278.16,280.03,276.92,277.18,32193256.0,8923326698.08
AAPL,2025-12-10,277.75,279.75,276.44,278.78,33038318.0,9210422292.039999
AAPL,2025-12-11,279.095,279.59,273.81,278.03,33247986.0,9243937547.58
AAPL,2025-12-12,277.9,279.22,276.82,278.28,39532887.0,11001211794.359999
AAPL,2025-12-15,280.15,280.15,272.84,274.11,50409078.0,13817632370.58
AAPL,2025-12-16,272.82,275.5,271.79,274.61,37648628.0,10338689735.08
AAPL,2025-12-17,275.01,276.16,271.64,271.84,50138743.0,13629715897.119999
AAPL,2025-12-18,273.605,273.63,266.95,272.19,51630721.0,14053365948.99
AAPL,2025-12-19,272.145,274.6,269.9,273.67,144632048.0,39581452576.16
AAPL,2025-12-22,272.86,273.88,270.505,270.97,36571827.0,9909867962.19
AAPL,2025-12-23,270.84,272.5,269.56,272.36,29641999.0,8073294847.64
AAPL,2025-12-24,272.34,275.43,272.195,273.81,17910574.0,4904094266.94
AAPL,2025-12-26,274.16,275.37,272.86,273.4,21521802.0,5884060666.799999
AAPL,2025-12-29,272.69,274.36,272.35,273.76,23715213.0,6492276710.88
AAPL,2025-12-30,272.81,274.08,272.28,273.08,22139617.0,6045886610.36
AAPL,2025-12-31,273.06,273.68,271.75,271.86,27293639.0,7420048698.54
AAPL,2026-01-02,272.255,277.84,269.0,271.01,37838054.0,10254491014.539999
AAPL,2026-01-05,270.64,271.51,266.14,267.26,45647190.0,12199667999.4
AAPL,2026-01-06,267.0,267.55,262.12,262.36,52352090.0,13735094332.400002
AAPL,2026-01-07,263.2,263.68,259.81,260.33,48309804.0,12576491275.32
AAPL,2026-01-08,257.02,259.29,255.7,259.04,50419337.0,13060625056.480001
AAPL,2026-01-09,259.075,260.21,256.22,259.37,39996967.0,10374013330.79
AAPL,2026-01-12,259.16,261.3,256.8,260.25,45263767.0,11779895361.75
AAPL,2026-01-13,258.72,261.81,258.39,261.05,45730847.0,11938037609.35
AAPL,2026-01-14,259.49,261.82,256.71,259.96,40019421.0,10403448683.16
AAPL,2026-01-15,260.65,261.04,257.05,258.21,39388564.0,10170521110.439999
AAPL,2026-01-16,257.9,258.9,254.93,255.53,72142773.0,18434642784.69
AAPL,2026-01-20,252.73,254.79,243.42,246.7,80267517.0,19801996443.899998
AAPL,2026-01-21,248.7,251.56,245.18,247.65,54641725.0,13532023196.25
AAPL,2026-01-22,249.2,251.0,248.15,248.35,39708340.0,9861566239.0
AAPL,2026-01-23,247.32,249.41,244.68,248.04,41688982.0,10340535095.279999
AAPL,2026-01-26,251.48,256.56,249.8,255.41,55969234.0,14295102055.94
AAPL,2026-01-27,259.17,261.95,258.21,258.27,49648271.0,12822658951.169998
AAPL,2026-01-28,257.65,258.855,254.51,256.44,41287971.0,10587887283.24
AAPL,2026-01-29,258.0,259.65,254.41,258.28,67253009.0,17370107164.519997
AAPL,2026-01-30,255.165,261.8999,252.18,259.48,92443408.0,23987215507.84
AAPL,2026-02-02,260.03,270.49,259.205,270.01,73913425.0,19957363884.25
AAPL,2026-02-03,269.2,271.875,267.61,269.48,64394655.0,17353071629.4
AAPL,2026-02-04,272.285,278.95,272.285,276.49,90545710.0,25034983357.9
AAPL,2026-02-05,278.13,279.5,273.23,275.91,52977441.0,14617005746.310001
AAPL,2026-02-06,277.12,280.905,276.925,278.12,50453414.0,14032103501.68
AAPL,2026-02-09,277.905,278.2,271.7,274.62,44623396.0,12254477009.52
AAPL,2026-02-10,274.885,275.37,272.94,273.68,34376898.0,9408269444.64
AAPL,2026-02-11,274.695,280.18,274.45,275.5,51931283.0,14307068466.5
AAPL,2026-02-12,275.59,275.72,260.18,261.73,81077229.0,21220343146.170002
AAPL,2026-02-13,262.01,262.23,255.45,255.78,56290673.0,14398028339.94
AAPL,2026-02-17,258.05,266.29,255.54,263.88,58469094.0,15428824524.72
AAPL,2026-02-18,263.6,266.82,262.45,264.35,34203337.0,9041652135.95
AAPL,2026-02-19,262.6,264.48,260.05,260.58,30845294.0,8037666710.5199995
AAPL,2026-02-20,258.97,264.75,258.16,264.58,42070499.0,11131012625.42
AAPL,2026-02-23,263.49,269.43,263.381,266.18,37308155.220558,9930684756.60813
AAPL,2026-02-24,267.86,274.89,267.71,272.14,47014619.809251,12794558634.889566
AAPL,2026-02-25,271.78,274.94,271.05,274.23,33714342.626628,9245484178.500196
AAPL,2026-02-26,274.945,276.11,270.795,272.95,32345114.765942,8828599075.363869
AAPL,2026-02-27,272.81,272.81,262.89,264.18,72366505.221193,19117783349.334766
AAPL,2026-03-02,262.41,266.53,260.2,264.72,41827946.904771,11072694104.63098
AAPL,2026-03-03,263.48,265.56,260.13,263.75,38568921.672138,10172553091.026398
AAPL,2026-03-04,264.65,266.15,261.42,262.52,39803119.557613,10449114946.264565
AAPL,2026-03-05,260.79,261.555,257.25,260.29,49658626.692641,12925643941.827526
AAPL,2026-03-06,258.63,258.77,254.37,257.46,41120042.153782,10586766052.912714
AAPL,2026-03-09,255.69,261.15,253.6805,259.88,38218533.272167,9932232426.77076
AAPL,2026-03-10,257.645,262.48,256.95,260.83,30590765.673303,7978989410.567621
AAPL,2026-03-11,261.09,262.13,259.55,260.81,26218927.13342,6838158385.667271
AAPL,2026-03-12,258.66,258.95,254.18,255.76,40794020.016917,10433478559.526691
AAPL,2026-03-13,255.48,256.33,249.52,250.12,36929988.408494,9236928700.732521
AAPL,2026-03-16,252.105,253.885,249.88,252.82,32074209.958085,8109001761.603049
AAPL,2026-03-17,252.955,255.13,252.18,254.23,32361607.272371,8227291416.854879
AAPL,2026-03-18,252.625,254.94,249.0,249.94,35757874.451048,8937323140.294937
AAPL,2026-03-19,249.4,251.83,247.3,248.96,34864082.005142,8679761856.000153
AAPL,2026-03-20,247.975,249.1999,246.0,247.99,88331081.095194,21905224800.79716
AAPL,2026-03-23,253.97,254.6,250.28,251.49,40546109.369052,10196941045.222887
AAPL,2026-03-24,250.35,254.825,249.55,251.64,45152288.879912,11362121973.741055
AAPL,2026-03-25,254.095,255.0,251.6,252.62,28476668.328121,7193775953.049927
AAPL,2026-03-26,252.115,257.0,250.77,252.89,41796650.480369,10569954939.980516
AAPL,2026-03-27,253.9,255.493,248.07,248.8,47899998.037192,11917519511.65337
AAPL,2026-03-30,250.07,250.87,245.51,246.63,39446213.070809,9728619529.653624
AAPL,2026-03-31,247.91,255.48,247.101,253.79,49598091.452545,12587499629.741396
AAPL,2026-04-01,254.08,256.18,253.33,255.63,40059432.045799,10240392613.8676
AAPL,2026-04-02,254.2,256.13,250.65,255.92,31289369.636663,8007575477.414795
AAPL,2026-04-06,256.51,262.16,256.46,258.86,29329911.405756,7592340866.493999
AAPL,2026-04-07,256.155,256.2,245.7,253.5,62148008.945995,15754520267.809732
AAPL,2026-04-08,258.45,259.7499,256.53,258.9,41032772.635507,10623384835.332762
AAPL,2026-04-09,259.0,261.12,256.07,260.49,28121574.132651,7325388845.81426
AAPL,2026-04-10,259.98,262.19,259.0231,260.48,31291473.831993,8150803103.757537
AAPL,2026-04-13,259.73,260.18,256.66,259.2,36234698.454386,9392033839.376852
AAPL,2026-04-14,259.245,261.93,257.19,258.83,48370710.429841,12519790980.555744
AAPL,2026-04-15,258.16,266.56,257.81,266.43,49913510.506972,13298456604.372551
AAPL,2026-04-16,266.8,267.16,261.27,263.4,43323112.112271,11411307730.37218
AAPL,2026-04-17,266.96,272.3,266.72,270.23,61436228.189065,16601911943.531036
AAPL,2026-04-20,270.33,274.275,270.29,273.05,36590169.652683,9990945823.665092
AAPL,2026-04-21,271.5,272.8,265.4,266.17,50209755.706738,13364330676.462456
AAPL,2026-04-22,267.82,273.74,266.87,273.17,43249204.715503,11814385252.133955
AAPL,2026-04-23,275.045,275.77,271.65,273.43,33399639.046336,9132463304.439651
AAPL,2026-04-24,272.755,273.06,269.65,271.06,38157110.328832,10342866325.733202
AAPL,2026-04-27,266.09,268.36,265.07,267.61,41466762.505308,11096920314.045475
AAPL,2026-04-28,272.335,273.23,268.66,270.71,40018940.380075,10833527350.290102
AAPL,2026-04-29,267.55,271.04,267.04,270.17,30047869.511551,8118032905.935734
AAPL,2026-04-30,270.5,276.0,268.14,271.35,91848230.531607,24923017354.75156
MSFT,2025-01-02,425.53,426.07,414.85,418.58,16896469.0,7072523994.0199995
MSFT,2025-01-03,421.08,424.03,419.54,423.35,16662943.0,7054256919.05
MSFT,2025-01-06,428.0,434.32,425.4774,427.85,20573648.0,8802435296.800001
MSFT,2025-01-07,429.0,430.65,420.8,422.37,18139065.0,7661396884.05
MSFT,2025-01-08,423.46,426.97,421.54,424.56,15054575.0,6391570362.0
MSFT,2025-01-10,424.63,424.71,415.02,418.95,20201132.0,8463264251.4
MSFT,2025-01-13,415.235,418.5,412.29,417.19,17604780.0,7344538168.2
MSFT,2025-01-14,417.81,419.74,410.72,415.67,16935856.0,7039727263.52
MSFT,2025-01-15,419.13,428.15,418.265,426.31,19637838.0,8371806717.78
MSFT,2025-01-16,428.695,429.49,424.39,424.58,15300023.0,6496083765.34
MSFT,2025-01-17,434.085,434.48,428.17,429.03,26197507.0,11239516428.21
MSFT,2025-01-21,430.2,430.8999,425.595,428.5,26085703.0,11177723735.5
MSFT,2025-01-22,437.56,447.27,436.0,446.2,27803811.0,12406060468.199999
MSFT,2025-01-23,442.0,446.75,441.5048,446.71,18389270.0,8214670801.7
MSFT,2025-01-24,445.16,446.65,441.4,444.06,15549453.0,6904890099.18
MSFT,2025-01-27,424.01,435.2,423.5,434.56,35647805.0,15491110140.8
MSFT,2025-01-28,434.6,448.38,431.38,447.2,23491703.0,10505489581.6
MSFT,2025-01-29,446.69,446.88,440.4,442.33,23581370.0,10430747392.1
MSFT,2025-01-30,418.77,422.86,413.16,414.99,54586260.0,22652752037.4
MSFT,2025-01-31,418.98,420.69,414.91,415.06,34223388.0,14204759423.28
MSFT,2025-02-03,411.6,415.41,408.66,410.92,25679149.0,10552075907.08
MSFT,2025-02-04,412.685,413.9199,409.74,412.37,20532096.0,8466820427.52
MSFT,2025-02-05,412.35,413.827,410.4,413.29,16336188.0,6751583138.52
MSFT,2025-02-06,414.0,418.2,414.0,415.82,16309755.0,6781922324.099999
MSFT,2025-02-07,416.48,418.65,408.1,409.75,22886844.0,9377884329.0
MSFT,2025-02-10,413.71,415.4624,410.92,412.22,20817919.0,8581562570.18
MSFT,2025-02-11,409.64,412.49,409.3,411.44,18140592.0,7463765172.48
MSFT,2025-02-12,407.21,410.75,404.3673,409.04,19121734.0,7821554075.360001
MSFT,2025-02-13,407.0,411.0,406.36,410.54,23891731.0,9808511244.74
MSFT,2025-02-14,407.79,408.91,405.88,408.43,22758464.0,9295239451.52
MSFT,2025-02-18,408.0,410.597,406.5,409.64,21423051.0,8775738611.64
MSFT,2025-02-19,407.88,415.49,407.65,414.77,24114197.0,10001845489.689999
MSFT,2025-02-20,415.29,419.31,412.54,416.13,23508728.0,9782686982.64
MSFT,2025-02-21,417.335,418.048,407.89,408.21,27524799.0,11235898199.789999
MSFT,2025-02-24,408.51,409.37,399.32,404.0,26443656.0,10683237024.0
MSFT,2025-02-25,401.1,401.915,396.7,397.9,29387402.0,11693247255.8
MSFT,2025-02-26,398.01,403.6,394.245,399.73,19618954.0,7842284482.42
MSFT,2025-02-27,401.265,405.74,392.17,392.53,21127406.0,8293140677.179999
MSFT,2025-02-28,392.655,397.63,386.57,396.99,32845658.0,13039397769.42
MSFT,2025-03-03,398.82,398.82,386.155,388.49,23007726.0,8938271473.74
MSFT,2025-03-04,383.4,392.58,381.0,388.61,29342923.0,11402953307.03
MSFT,2025-03-05,389.34,401.67,388.81,401.02,23433132.0,9397154594.64
MSFT,2025-03-06,394.28,402.15,392.6777,396.89,23304625.0,9249372616.25
MSFT,2025-03-07,392.32,394.8,385.54,393.31,22034087.0,8666226757.97
MSFT,2025-03-10,385.84,386.4,377.22,380.16,32840134.0,12484505341.44
MSFT,2025-03-11,379.0,386.0,376.91,380.45,30380177.0,11558138339.65
MSFT,2025-03-12,382.95,385.2165,378.9507,383.27,24253567.0,9295664624.09
MSFT,2025-03-13,383.155,385.32,377.45,378.77,20473017.0,7754564649.089999
MSFT,2025-03-14,379.775,390.23,379.51,388.56,19952846.0,7752877841.76
MSFT,2025-03-17,386.7,392.705,385.57,388.7,22474272.0,8735749526.4
MSFT,2025-03-18,387.07,387.37,381.1,383.52,19486850.0,7473596712.0
MSFT,2025-03-19,385.525,389.68,384.0,387.82,19185532.0,7440533020.24
MSFT,2025-03-20,385.735,391.785,383.28,386.84,18470542.0,7145144467.28
MSFT,2025-03-21,383.215,391.74,382.8,391.26,39675928.0,15523603589.279999
MSFT,2025-03-24,395.4,395.4,389.81,393.08,21004548.0,8256467727.839999
MSFT,2025-03-25,393.915,396.36,392.64,395.16,15774968.0,6233636354.88
MSFT,2025-03-26,395.0,395.31,388.57,389.97,16132906.0,6291349352.820001
MSFT,2025-03-27,390.13,392.24,387.395,390.58,13766761.0,5377021511.38
MSFT,2025-03-28,388.08,389.13,376.93,378.8,21632016.0,8194207660.8
MSFT,2025-03-31,372.535,377.07,367.24,375.39,35184676.0,13207975523.64
MSFT,2025-04-01,374.65,382.85,373.23,382.19,19689503.0,7525131151.57
MSFT,2025-04-02,377.965,385.08,376.62,382.14,16092555.0,6149608967.7
MSFT,2025-04-03,374.785,377.48,369.35,373.11,30197997.0,11267174660.67
MSFT,2025-04-04,364.125,374.59,359.48,359.84,49209854.0,17707673863.36
MSFT,2025-04-07,350.88,370.9999,344.79,357.86,50424998.0,18045089784.280003
MSFT,2025-04-08,368.255,373.65,350.25,354.56,35868918.0,12717683566.08
MSFT,2025-04-09,353.535,393.225,353.1,390.49,50199696.0,19602479291.04
MSFT,2025-04-10,382.06,383.9,367.8,381.35,38024368.0,14500592736.800001
MSFT,2025-04-11,380.635,390.05,378.89,388.45,23839220.0,9260345009.0
MSFT,2025-04-14,393.22,394.65,384.21,387.81,19251172.0,7465797013.32
MSFT,2025-04-15,388.505,391.89,384.1599,385.73,17199890.0,6634513569.700001
MSFT,2025-04-16,380.67,381.61,368.0,371.61,21967826.0,8163463819.860001
MSFT,2025-04-17,373.745,374.3215,366.89,367.78,21120192.0,7767584213.759999
MSFT,2025-04-21,362.815,364.48,355.67,359.12,20807279.0,7472310034.4800005
MSFT,2025-04-22,363.375,367.77,359.8602,366.82,19484993.0,7147485132.26
MSFT,2025-04-23,376.06,380.39,373.02,374.39,20545526.0,7692039479.139999
MSFT,2025-04-24,375.695,388.45,375.19,387.3,22232289.0,8610565529.7
MSFT,2025-04-25,387.0,392.16,384.6,391.85,18973165.0,7434634705.25
MSFT,2025-04-28,391.955,392.74,386.638,391.16,16579430.0,6485209838.8
MSFT,2025-04-29,391.3,395.1,390.38,394.04,14973976.0,5900345503.04
MSFT,2025-04-30,390.3,396.66,384.44,395.26,36461075.0,14411604504.5
MSFT,2025-05-01,431.11,436.99,424.9,425.4,58938100.0,25072267740.0
MSFT,2025-05-02,431.74,439.44,429.985,435.28,30757434.0,13388095871.519999
MSFT,2025-05-05,432.87,439.5,432.11,436.17,20136053.0,8782742237.01
MSFT,2025-05-06,432.2,437.73,431.17,433.31,15104204.0,6544802635.24
MSFT,2025-05-07,433.84,438.12,431.1103,433.35,23307241.0,10100192887.35
MSFT,2025-05-08,437.93,443.67,435.66,438.17,23491330.0,10293196066.1
MSFT,2025-05-09,440.0,440.74,435.88,438.73,15324233.0,6723200744.09
MSFT,2025-05-12,445.94,449.37,439.78,449.26,22821935.0,10252982518.1
MSFT,2025-05-13,447.78,450.6733,445.36,449.14,23618819.0,10608156365.66
MSFT,2025-05-14,448.14,453.9,448.14,452.94,19902796.0,9014772420.24
MSFT,2025-05-15,450.765,456.19,450.4301,453.13,21992323.0,9965381320.99
MSFT,2025-05-16,452.05,454.36,448.73,454.27,23849781.0,10834240014.869999
MSFT,2025-05-19,450.875,459.585,450.8,458.87,21336509.0,9790683884.83
MSFT,2025-05-20,455.59,458.34,454.3201,458.17,15441808.0,7074973171.360001
MSFT,2025-05-21,454.57,457.78,451.814,452.57,19216906.0,8696995148.42
MSFT,2025-05-22,454.95,460.25,453.9,454.86,18025612.0,8199129874.320001
MSFT,2025-05-23,449.98,453.69,448.91,450.18,16883509.0,7600618081.62
MSFT,2025-05-27,456.48,460.95,456.115,460.69,20974293.0,9662647042.17
MSFT,2025-05-28,461.22,462.52,456.93,457.36,17086261.0,7814572330.96
MSFT,2025-05-29,461.55,461.72,455.3105,458.68,13982211.0,6413360541.4800005
MSFT,2025-05-30,459.715,461.68,455.54,460.36,34770475.0,16006935871.0
MSFT,2025-06-02,457.14,462.11,456.89,461.97,16626495.0,7680941895.150001
MSFT,2025-06-03,461.47,464.14,460.8622,462.97,15743760.0,7288888567.200001
MSFT,2025-06-04,464.0,465.69,463.0201,463.87,14162688.0,6569646082.56
MSFT,2025-06-05,464.955,469.65,464.03,467.68,20154460.0,9425837852.8
MSFT,2025-06-06,470.085,473.335,468.78,470.38,15285624.0,7190051817.12
MSFT,2025-06-09,469.7,473.43,468.62,472.75,16469932.0,7786160353.0
MSFT,2025-06-10,471.185,472.8,466.96,470.92,15375944.0,7240839548.4800005
MSFT,2025-06-11,470.02,475.47,469.655,472.62,16399176.0,7750578561.12
MSFT,2025-06-12,475.02,480.415,473.52,478.87,18950582.0,9074865202.34
MSFT,2025-06-13,476.41,479.18,472.76,474.96,16814456.0,7986194021.759999
MSFT,2025-06-16,475.21,480.6943,475.0,479.14,15626104.0,7487091470.559999
MSFT,2025-06-17,475.395,478.7399,474.08,478.04,15414128.0,7368569749.12
MSFT,2025-06-18,478.0,481.0,474.46,480.24,17526452.0,8416903308.4800005
MSFT,2025-06-20,482.23,483.46,476.87,477.4,37576206.0,17938880744.399998
MSFT,2025-06-23,478.21,487.75,472.51,486.0,24863952.0,12083880672.0
MSFT,2025-06-24,488.95,491.849,486.795,490.11,22305642.0,10932218200.62
MSFT,2025-06-25,492.04,494.5556,489.39,492.27,17495099.0,8612312384.73
MSFT,2025-06-26,492.98,498.04,492.81,497.45,21578853.0,10734400424.85
MSFT,2025-06-27,497.55,499.3,493.03,495.94,34539236.0,17129388701.84
MSFT,2025-06-30,497.04,500.76,495.33,497.41,28368991.0,14111019813.310001
MSFT,2025-07-01,496.47,498.05,490.98,492.05,19945375.0,9814121768.75
MSFT,2025-07-02,489.99,493.5,488.7,491.09,16319641.0,8014412498.69
MSFT,2025-07-03,493.81,500.13,493.44,498.84,13984829.0,6976192098.36
MSFT,2025-07-07,497.38,498.75,495.225,497.72,13981605.0,6958924440.6
MSFT,2025-07-08,497.24,498.2,494.11,496.62,11846586.0,5883251539.32
MSFT,2025-07-09,500.3,506.78,499.74,503.51,18659538.0,9395263978.38
MSFT,2025-07-10,503.05,504.44,497.75,501.48,16498740.0,8273788135.200001
MSFT,2025-07-11,498.47,505.03,497.795,503.32,16459512.0,8284401579.84
MSFT,2025-07-14,501.515,503.97,501.03,503.02,12058848.0,6065841720.96
MSFT,2025-07-15,503.02,508.3,502.79,505.82,14927202.0,7550477315.64
MSFT,2025-07-16,505.18,506.72,501.89,505.62,15154374.0,7662354581.88
MSFT,2025-07-17,505.68,513.37,505.62,511.7,17503129.0,8956351109.3
MSFT,2025-07-18,514.48,514.64,507.43,510.05,21209666.0,10817990143.300001
MSFT,2025-07-21,506.705,512.09,505.55,510.06,14066805.0,7174914558.3
MSFT,2025-07-22,510.97,511.2,505.27,505.27,13868644.0,7007409753.88
MSFT,2025-07-23,506.75,506.79,500.7,505.87,16396585.0,8294540453.95
MSFT,2025-07-24,508.77,513.67,507.3,510.88,16107000.0,8228744160.0
MSFT,2025-07-25,512.465,518.29,510.3592,513.71,19125699.0,9825062833.29
MSFT,2025-07-28,514.08,515.0,510.12,512.5,14308027.0,7332863837.5
MSFT,2025-07-29,515.53,517.62,511.56,512.57,16469235.0,8441635783.950001
MSFT,2025-07-30,515.17,515.95,509.435,513.24,26380434.0,13539493946.16
MSFT,2025-07-31,555.225,555.45,531.9,533.5,51617326.0,27537843421.0
MSFT,2025-08-01,535.0,535.8,520.86,524.11,28977628.0,15187464611.08
MSFT,2025-08-04,528.27,538.25,528.13,535.64,25349004.0,13577940502.56
MSFT,2025-08-05,537.18,537.3,527.24,527.75,19171569.0,10117795539.75
MSFT,2025-08-06,530.9,531.7,524.03,524.94,21355702.0,11210462207.880001
MSFT,2025-08-07,526.8,528.09,517.5511,520.84,16079144.0,8374661360.96
MSFT,2025-08-08,522.6,524.66,519.41,522.04,15531009.0,8107807938.36
MSFT,2025-08-11,522.3,527.59,519.72,521.77,20194372.0,10536817478.44
MSFT,2025-08-12,523.75,530.98,522.7,529.24,18688921.0,9890924550.04
MSFT,2025-08-13,532.11,532.7,519.37,520.58,19619160.0,10213342312.800001
MSFT,2025-08-14,522.56,525.9499,520.14,522.48,20269074.0,10590185783.52
MSFT,2025-08-15,522.77,526.1,519.08,520.17,25213272.0,13115187696.24
MSFT,2025-08-18,521.585,522.82,514.02,517.1,23760583.0,12286597469.300001
MSFT,2025-08-19,515.0,515.1641,508.55,509.77,21481016.0,10950377526.32
MSFT,2025-08-20,509.865,511.0,504.44,505.72,27723025.0,14020088203.0
MSFT,2025-08-21,503.69,507.63,502.7201,504.24,18443254.0,9299826396.960001
MSFT,2025-08-22,504.25,510.73,502.41,507.23,24324161.0,12337944184.03
MSFT,2025-08-25,506.63,508.19,504.12,504.26,21638579.0,10911469846.539999
MSFT,2025-08-26,504.355,504.9778,498.51,502.04,30835709.0,15480759346.36
MSFT,2025-08-27,502.0,507.29,499.9,506.74,17277893.0,8755399498.82
MSFT,2025-08-28,507.09,511.09,505.5,509.64,18015593.0,9181466816.52
MSFT,2025-08-29,508.66,509.6,504.4915,506.69,20961569.0,10621017396.61
MSFT,2025-09-02,500.465,506.0,496.81,505.12,18127995.0,9156812834.4
MSFT,2025-09-03,503.79,507.79,502.32,505.35,16345078.0,8259985167.3
MSFT,2025-09-04,504.3,508.15,503.15,507.97,15509486.0,7878353603.42
MSFT,2025-09-05,509.07,511.97,492.37,495.0,31994846.0,15837448770.0
MSFT,2025-09-08,498.105,501.195,495.03,498.2,16771015.0,8355319673.0
MSFT,2025-09-09,501.43,502.25,497.7,498.41,14410542.0,7182358238.22
MSFT,2025-09-10,502.98,503.2299,496.72,500.37,21611816.0,10813904371.92
MSFT,2025-09-11,502.25,503.17,497.88,501.01,18881608.0,9459874424.08
MSFT,2025-09-12,506.65,512.55,503.85,509.9,23624884.0,12046328351.6
MSFT,2025-09-15,508.79,515.47,507.0,515.36,17143786.0,8835221552.960001
MSFT,2025-09-16,516.88,517.23,508.6,509.04,19711922.0,10034156774.880001
MSFT,2025-09-17,510.62,511.29,505.93,510.02,15816585.0,8066774681.7
MSFT,2025-09-18,511.49,513.07,507.66,508.45,18913696.0,9616668731.199999
MSFT,2025-09-19,510.56,519.3,510.31,517.93,52474093.0,27177906987.489998
MSFT,2025-09-22,515.59,517.74,512.545,514.45,20009314.0,10293791587.300001
MSFT,2025-09-23,513.8,514.5899,507.31,509.23,19799580.0,10082540123.4
MSFT,2025-09-24,510.38,512.48,506.92,510.15,13533711.0,6904222666.65
MSFT,2025-09-25,508.3,510.01,505.04,507.03,15786468.0,8004212870.04
MSFT,2025-09-26,510.06,513.94,506.62,511.46,16213129.0,8292366958.339999
MSFT,2025-09-29,511.5,516.845,508.88,514.6,17617775.0,9066107015.0
MSFT,2025-09-30,513.24,518.16,509.66,517.95,19728229.0,10218236210.550001
MSFT,2025-10-01,514.8,520.505,511.69,519.71,22632336.0,11762251342.560001
MSFT,2025-10-02,517.64,521.6,510.6791,515.74,21222886.0,10945491225.64
MSFT,2025-10-03,517.1,520.49,515.0,517.35,15112321.0,7818359269.35
MSFT,2025-10-06,518.61,531.03,518.2,528.57,21388581.0,11305362259.170002
MSFT,2025-10-07,528.285,529.8,521.44,523.98,14615208.0,7658076687.84
MSFT,2025-10-08,523.28,526.95,523.09,524.85,13363447.0,7013805157.950001
MSFT,2025-10-09,522.335,524.325,517.4,522.4,18343602.0,9582697684.8
MSFT,2025-10-10,519.64,523.58,509.63,510.96,24133840.0,12331426886.4
MSFT,2025-10-13,516.41,516.41,511.68,514.05,14284238.0,7342812543.9
MSFT,2025-10-14,510.225,515.282,506.0,513.57,14684300.0,7541415951.000001
MSFT,2025-10-15,514.955,517.19,510.0,513.43,14694654.0,7544676203.219999
MSFT,2025-10-16,512.58,516.85,508.13,511.61,15559565.0,7960429049.650001
MSFT,2025-10-17,509.04,515.48,507.31,513.58,19867765.0,10203686748.7
MSFT,2025-10-20,514.61,518.7,513.43,516.79,14665620.0,7579045759.799999
MSFT,2025-10-21,517.5,518.69,513.04,517.66,15586204.0,8068354362.639999
MSFT,2025-10-22,521.15,525.23,517.71,520.54,18962694.0,9870840734.76
MSFT,2025-10-23,522.46,523.95,518.61,520.56,14023532.0,7300089817.919999
MSFT,2025-10-24,522.79,525.345,520.71,523.61,15532360.0,8132899019.6
MSFT,2025-10-27,531.78,534.58,529.01,531.52,18734716.0,9957876248.32
MSFT,2025-10-28,550.0,553.72,540.77,542.07,29986683.0,16254881253.810001
MSFT,2025-10-29,544.94,546.27,536.7287,541.55,36023004.0,19508257816.199997
MSFT,2025-10-30,530.48,534.97,522.12,525.76,41023088.0,21568298746.88
MSFT,2025-10-31,528.875,529.32,515.1,517.81,34006424.0,17608866411.44
MSFT,2025-11-03,519.805,524.96,514.59,517.03,22374742.0,11568412856.26
MSFT,2025-11-04,511.76,515.55,507.84,514.33,20958663.0,10779669140.79
MSFT,2025-11-05,513.3,514.83,506.575,507.16,23024342.0,11677025288.720001
MSFT,2025-11-06,505.66,505.7,495.81,497.1,27406496.0,13623769161.6
MSFT,2025-11-07,496.945,499.377,493.25,496.82,24019764.0,11933499150.48
MSFT,2025-11-10,500.035,506.85,498.8,506.0,26101480.0,13207348880.0
MSFT,2025-11-11,504.8,509.6,502.3488,508.68,17980020.0,9146076573.6
MSFT,2025-11-12,509.355,511.67,499.1201,511.14,26574851.0,13583469340.14
MSFT,2025-11-13,510.31,513.5,501.29,503.29,25273114.0,12719705545.060001
MSFT,2025-11-14,498.23,511.6,497.44,510.18,28505746.0,14543061494.28
MSFT,2025-11-17,508.45,512.12,504.91,507.49,19092752.0,9689380712.48
MSFT,2025-11-18,495.365,502.98,486.78,493.79,33815114.0,16697565142.060001
MSFT,2025-11-19,490.1,495.1872,482.83,487.12,23245314.0,11323257355.68
MSFT,2025-11-20,492.71,493.57,475.5,478.43,26802542.0,12823140169.06
MSFT,2025-11-21,478.5,478.92,468.27,472.12,31769248.0,14998897365.76
MSFT,2025-11-24,475.0,476.9,468.02,474.0,34421046.0,16315575804.0
MSFT,2025-11-25,474.07,479.15,464.89,476.99,28019793.0,13365161063.07
MSFT,2025-11-26,486.31,488.31,481.2,485.5,25709079.0,12481757854.5
MSFT,2025-11-28,487.595,492.63,486.65,492.01,14386730.0,7078415027.3
MSFT,2025-12-01,488.435,489.8599,484.6475,486.74,23963993.0,11664233952.82
MSFT,2025-12-02,486.715,493.4999,486.32,490.0,19562722.0,9585733780.0
MSFT,2025-12-03,476.32,484.24,475.2,477.73,34615102.0,16536672678.460001
MSFT,2025-12-04,479.76,481.322,476.49,480.84,22318155.0,10731461650.199999
MSFT,2025-12-05,482.515,483.4,478.8801,483.16,22608710.0,10923624323.6
MSFT,2025-12-08,484.885,492.3,484.38,491.02,21965900.0,10785696218.0
MSFT,2025-12-09,489.1,492.12,488.5001,492.02,14696078.0,7230764297.559999
MSFT,2025-12-10,484.03,484.25,475.08,478.56,35756229.0,17111500950.24
MSFT,2025-12-11,476.63,486.03,475.86,483.47,24669180.0,11926808454.6
MSFT,2025-12-12,479.82,482.45,476.34,478.53,21248102.0,10167854250.06
MSFT,2025-12-15,480.1,480.7205,472.52,474.82,23727694.0,11266383665.08
MSFT,2025-12-16,471.905,477.89,470.88,476.39,20705560.0,9863921728.4
MSFT,2025-12-17,476.905,480.0,475.0,476.12,24527176.0,11677879037.12
MSFT,2025-12-18,478.19,489.6,477.89,483.98,28573545.0,13829024309.1
MSFT,2025-12-19,487.36,487.85,482.49,485.92,70836105.0,34420680141.6
MSFT,2025-12-22,486.12,488.73,482.69,484.92,16963019.0,8225707173.4800005
MSFT,2025-12-23,484.98,487.83,484.74,486.85,14683582.0,7148701896.700001
MSFT,2025-12-24,485.68,489.1625,484.83,488.02,5855880.0,2857786557.6
MSFT,2025-12-26,486.705,488.12,485.96,487.71,8842175.0,4312417169.25
MSFT,2025-12-29,484.855,488.35,484.18,487.1,10893408.0,5306179036.8
MSFT,2025-12-30,485.93,489.68,485.5,487.48,13944512.0,6797670709.76
MSFT,2025-12-31,487.84,488.14,483.3,483.62,15601554.0,7545223545.4800005
MSFT,2026-01-02,484.385,484.66,470.16,472.94,25571567.0,12093816896.98
MSFT,2026-01-05,474.055,476.07,469.5,472.85,25250260.0,11939585441.0
MSFT,2026-01-06,473.8,478.7367,469.75,478.51,23037665.0,11023753079.15
MSFT,2026-01-07,479.755,489.7,477.95,483.47,25564196.0,12359521840.12
MSFT,2026-01-08,481.24,482.66,475.86,478.11,18162616.0,8683728335.76
MSFT,2026-01-09,474.06,479.82,472.2001,479.28,18491036.0,8862383734.08
MSFT,2026-01-12,476.67,480.99,475.6803,477.18,23519895.0,11223223496.1
MSFT,2026-01-13,474.675,475.7799,465.95,470.67,28545800.0,13435651686.0
MSFT,2026-01-14,466.46,468.2,457.1701,459.38,28184302.0,12947304652.76
MSFT,2026-01-15,464.12,464.25,455.9,456.66,23225839.0,10606311637.74
MSFT,2026-01-16,457.83,463.19,456.48,459.86,34246650.0,15748664469.0
MSFT,2026-01-20,451.215,456.8,449.28,454.52,26129992.0,11876603963.84
MSFT,2026-01-21,452.595,452.69,438.68,444.11,37980510.0,16867524296.1
MSFT,2026-01-22,447.62,452.84,444.7,451.14,25349378.0,11436118390.92
MSFT,2026-01-23,451.87,471.1,450.53,465.95,38000159.0,17706174086.05
MSFT,2026-01-26,465.305,474.25,462.0,470.28,29291235.0,13775081995.8
MSFT,2026-01-27,473.7,482.87,473.16,480.58,29213923.0,14039627115.34
MSFT,2026-01-28,483.21,483.74,478.0,481.63,36875403.0,17760300346.89
MSFT,2026-01-29,439.99,442.5,421.02,433.5,128855323.0,55858782520.5
MSFT,2026-01-30,439.17,439.6,426.45,430.29,58566819.0,25200716547.510002
MSFT,2026-02-02,430.235,430.736,422.25,423.37,42219858.0,17874621281.46
MSFT,2026-02-03,422.01,422.05,408.56,411.21,61424123.0,25258213618.829998
MSFT,2026-02-04,411.0,419.8,409.24,414.19,45012374.0,18643675187.06
MSFT,2026-02-05,407.44,408.3,392.32,393.67,66289247.0,26096087866.49
MSFT,2026-02-06,399.165,401.79,392.92,401.14,53515311.0,21467131854.54
MSFT,2026-02-09,404.85,414.89,400.87,413.6,45480526.0,18810745553.600002
MSFT,2026-02-10,419.62,423.68,412.7,413.27,44857850.0,18538403669.5
MSFT,2026-02-11,416.175,416.46,401.01,404.37,42491012.0,17182090522.44
MSFT,2026-02-12,405.0,406.2,398.01,401.84,40802362.0,16396021146.08
MSFT,2026-02-13,404.45,405.54,398.05,401.32,34091553.0,13681622049.96
MSFT,2026-02-17,399.22,400.52,394.525,396.86,32078794.0,12730790186.84
MSFT,2026-02-18,398.13,402.56,396.32,399.6,23223417.0,9280077433.2
MSFT,2026-02-19,400.69,404.43,396.67,398.46,28234001.0,11250120038.46
MSFT,2026-02-20,396.11,400.1159,395.16,397.23,34015249.0,13511877360.27
MSFT,2026-02-23,395.0,395.36,383.1,384.47,43238273.062546,16623818844.357061
MSFT,2026-02-24,384.14,389.36,381.71,389.0,33884653.915604,13181130373.169956
MSFT,2026-02-25,390.525,401.47,390.16,400.6,43625483.46611,17476368676.523666
MSFT,2026-02-26,404.71,407.49,398.74,401.72,34405869.720193,13821525983.995932
MSFT,2026-02-27,390.88,396.82,389.88,392.74,51367196.81918,20173952878.76475
MSFT,2026-03-02,392.855,401.19,390.63,398.55,35474907.970181,14138524571.515638
MSFT,2026-03-03,393.14,406.7,392.67,403.93,38199209.472429,15429806682.198246
MSFT,2026-03-04,401.265,411.0326,400.31,405.2,35807990.000529,14509397548.21435
MSFT,2026-03-05,404.42,411.61,404.4,410.68,39001315.71792,16017060339.035385
MSFT,2026-03-06,409.2,413.05,408.5101,408.96,31123859.547825,12728413600.678513
MSFT,2026-03-09,404.915,410.21,403.5,409.41,30131854.301986,12336282469.776089
MSFT,2026-03-10,410.03,410.2,402.93,405.76,31706375.43029,12865178894.59447
MSFT,2026-03-11,405.57,409.01,401.59,404.88,25512139.087906,10329354873.91138
MSFT,2026-03-12,404.63,406.12,401.71,401.86,27263886.717704,10956265516.37653
MSFT,2026-03-13,401.0,404.8,394.25,395.55,26848000.608886,10619726640.844858
MSFT,2026-03-16,398.07,400.63,394.79,399.95,27733721.459954,11092101897.908602
MSFT,2026-03-17,400.27,404.4,397.745,399.41,26228279.415882,10475837081.497429
MSFT,2026-03-18,397.125,398.0,391.0,391.79,25908484.995436,10150685336.361872
MSFT,2026-03-19,390.1,392.49,387.06,389.02,25138772.328975,9779485211.417854
MSFT,2026-03-20,386.79,387.0,380.12,381.87,50853154.007954,19419293921.017395
MSFT,2026-03-23,383.9,387.21,381.68,383.0,29680059.154846,11367462656.306019
MSFT,2026-03-24,382.36,382.47,371.85,372.74,42733625.355891,15928531515.15481
MSFT,2026-03-25,376.92,377.06,369.63,371.04,31181163.896107,11569459052.011541
MSFT,2026-03-26,370.815,374.7199,365.19,365.97,36836574.87119,13481081305.609404
MSFT,2026-03-27,361.9,362.45,356.51,356.77,37883400.510454,13515660800.114672
MSFT,2026-03-30,361.895,365.36,356.28,358.96,44797002.987826,16080332192.51002
MSFT,2026-03-31,364.55,372.9,363.07,370.17,45244365.982645,16748106955.7957
MSFT,2026-04-01,373.49,373.99,368.2,369.37,29417206.624666,10865833610.95288
MSFT,2026-04-02,367.205,373.64,364.15,373.46,24099067.120161,9000037606.695328
MSFT,2026-04-06,373.49,373.73,369.5014,372.88,16146572.458327,6020733938.260971
MSFT,2026-04-07,370.34,372.45,366.56,372.29,21443349.332903,7983144523.146459
MSFT,2026-04-08,384.98,385.0,371.41,374.33,33064818.705678,12377153586.096445
MSFT,2026-04-09,372.5,373.5,367.05,373.07,30435297.42891,11354496411.803453
MSFT,2026-04-10,372.98,375.64,370.03,370.87,28111128.138413,10425574092.69323
MSFT,2026-04-13,373.605,384.54,371.02,384.37,35745781.16272,13739605905.514687
MSFT,2026-04-14,387.915,394.69,386.52,393.11,37504486.172106,14743388559.116589
MSFT,2026-04-15,398.0,414.3699,396.73,411.22,45063389.432509,18530967002.43635
MSFT,2026-04-16,419.86,420.82,412.14,420.26,41642361.383222,17500618794.912876
MSFT,2026-04-17,424.82,431.58,420.69,422.79,48568190.30201,20534145177.786808
MSFT,2026-04-20,421.145,423.33,416.3,418.07,27582237.416951,11531305996.904705
MSFT,2026-04-21,420.24,427.18,417.2,424.16,32048495.843118,13593689996.816933
MSFT,2026-04-22,426.185,433.7,423.67,432.92,29378173.360711,12718398811.319008
MSFT,2026-04-23,419.885,423.66,411.4101,415.75,38307959.504469,15926534163.982986
MSFT,2026-04-24,416.97,424.95,415.8,424.62,27457404.984087,11658963304.343023
MSFT,2026-04-27,422.375,427.11,417.0701,424.82,30867303.274117,13113047776.910383
MSFT,2026-04-28,424.57,429.92,421.9,429.25,30438087.505799,13065549061.86422
MSFT,2026-04-29,424.575,426.82,420.29,424.46,38288316.602118,16251858864.935005
MSFT,2026-04-30,410.81,414.42,398.01,407.78,70909408.096653,28915438433.65316
NVDA,2025-01-02,136.0,138.88,134.63,138.31,198247166.0,27419565529.46
NVDA,2025-01-03,140.01,144.9,139.73,144.47,229322478.0,33130218396.66
NVDA,2025-01-06,148.59,152.156,147.8201,149.43,265377359.0,39655338755.37
NVDA,2025-01-07,153.03,153.13,140.01,140.14,351782174.0,49298753864.35999
NVDA,2025-01-08,142.58,143.95,137.56,140.11,227349948.0,31854001214.280003
NVDA,2025-01-10,137.45,139.92,134.22,135.91,207602514.0,28215257677.739998
NVDA,2025-01-13,129.99,133.49,129.51,133.23,204808914.0,27286691612.219997
NVDA,2025-01-14,136.05,136.38,130.05,131.76,195590485.0,25771002303.6
NVDA,2025-01-15,133.65,136.45,131.29,136.24,185217338.0,25234010129.120003
NVDA,2025-01-16,138.64,138.75,133.49,133.57,209235583.0,27947596821.309998
NVDA,2025-01-17,136.69,138.5,135.4649,137.71,201188760.0,27705704139.600002
NVDA,2025-01-21,139.16,141.83,137.09,140.83,197748985.0,27848989557.550003
NVDA,2025-01-22,144.66,147.79,143.67,147.07,237651395.0,34951390662.65
NVDA,2025-01-23,145.05,147.23,143.72,147.22,155915549.0,22953887123.78
NVDA,2025-01-24,148.37,148.97,141.88,142.62,234657635.0,33466871903.7
NVDA,2025-01-27,124.8,128.4,116.7,118.42,818830895.0,96965954585.9
NVDA,2025-01-28,121.81,129.0,116.25,128.99,579666350.0,74771162486.5
NVDA,2025-01-29,126.5,126.89,120.05,123.7,467120640.0,57782823168.0
NVDA,2025-01-30,123.1,125.0,118.1,124.65,392925469.0,48978159710.85
NVDA,2025-01-31,123.78,127.85,119.19,120.07,390372899.0,46872073982.93
NVDA,2025-02-03,114.75,118.57,113.01,116.66,371235677.0,43308354078.82
NVDA,2025-02-04,116.96,121.2,116.7,118.65,256550040.0,30439662246.0
NVDA,2025-02-05,121.76,125.0,120.76,124.83,263110629.0,32844099818.07
NVDA,2025-02-06,127.42,128.77,125.21,128.68,251483574.0,32360906302.320004
NVDA,2025-02-07,129.22,130.37,125.0,129.84,228186298.0,29627708932.32
NVDA,2025-02-10,130.09,135.0,129.96,133.57,216989086.0,28983232217.019997
NVDA,2025-02-11,132.58,134.48,131.02,132.8,178902379.0,23758235931.2
NVDA,2025-02-12,130.02,132.24,129.08,131.14,160278552.0,21018929309.28
NVDA,2025-02-13,131.555,136.5,131.17,135.29,197429975.0,26710301317.75
NVDA,2025-02-14,136.48,139.25,135.5,138.85,195479557.0,27142336489.45
NVDA,2025-02-18,141.27,143.44,137.925,139.4,219176627.0,30553221803.800003
NVDA,2025-02-19,139.51,141.36,137.22,139.23,167536006.0,23326038115.379997
NVDA,2025-02-20,140.03,140.66,136.7901,140.11,143903583.0,20162331014.13
NVDA,2025-02-21,140.04,141.46,134.03,134.43,228217585.0,30679289951.550003
NVDA,2025-02-24,136.56,138.59,130.08,130.28,251381137.0,32749934528.36
NVDA,2025-02-25,129.98,130.2,124.44,126.63,271428711.0,34371017673.93
NVDA,2025-02-26,129.985,133.73,128.49,131.28,322553814.0,42344864701.92
NVDA,2025-02-27,135.0,135.01,120.01,120.15,443175846.0,53247577896.9
NVDA,2025-02-28,118.02,125.09,116.4,124.92,389091145.0,48605265833.4
NVDA,2025-03-03,123.51,123.7,112.28,114.06,411381373.0,46922159404.38
NVDA,2025-03-04,110.645,119.31,110.11,115.99,398163305.0,46182961746.95
NVDA,2025-03-05,117.58,118.2781,114.51,117.3,284337886.0,33352834027.8
NVDA,2025-03-06,113.53,115.35,110.22,110.57,321181861.0,35513078370.77
NVDA,2025-03-07,111.25,113.48,107.56,112.69,341755468.0,38512423688.92
NVDA,2025-03-10,109.9,111.85,105.46,106.98,366487363.0,39206818093.74
NVDA,2025-03-11,106.99,112.236,104.77,108.76,354865692.0,38595192661.92
NVDA,2025-03-12,114.12,116.76,112.88,115.74,323857454.0,37483261725.96
NVDA,2025-03-13,117.03,117.76,113.79,115.58,299033131.0,34562249280.979996
NVDA,2025-03-14,118.61,121.88,118.15,121.67,277593455.0,33774795669.850002
NVDA,2025-03-17,122.74,122.89,118.03,119.53,255501481.0,30540092023.93
NVDA,2025-03-18,118.0,119.02,114.54,115.43,299686944.0,34592863945.920006
NVDA,2025-03-19,117.27,120.445,115.68,117.52,273426225.0,32133049962.0
NVDA,2025-03-20,116.55,120.2,116.47,118.53,248829749.0,29493790148.97
NVDA,2025-03-21,116.94,117.99,115.42,117.7,266498528.0,31366876745.600002
NVDA,2025-03-24,119.88,122.22,119.34,121.41,228452534.0,27736422152.94
NVDA,2025-03-25,120.545,121.29,118.92,120.69,167447198.0,20209202326.62
NVDA,2025-03-26,118.73,118.84,112.71,113.76,296431667.0,33722066437.920002
NVDA,2025-03-27,111.35,114.45,110.66,111.43,236902055.0,26397995988.65
NVDA,2025-03-28,111.485,112.87,109.0701,109.67,229872549.0,25210122448.83
NVDA,2025-03-31,105.13,110.955,103.65,108.38,299212653.0,32428667332.14
NVDA,2025-04-01,108.515,110.2,106.47,110.15,222614034.0,24520935845.100002
NVDA,2025-04-02,107.29,111.98,106.79,110.42,220601243.0,24358789252.06
NVDA,2025-04-03,103.51,105.63,101.6,101.8,338769412.0,34486726141.6
NVDA,2025-04-04,98.91,100.13,92.11,94.31,532273810.0,50198743021.1
NVDA,2025-04-07,87.46,101.75,86.62,97.64,611041347.0,59662077121.08
NVDA,2025-04-08,103.805,105.85,94.46,96.3,476243392.0,45862238649.6
NVDA,2025-04-09,98.89,115.1,97.5301,114.33,612918336.0,70074953354.88
NVDA,2025-04-10,109.37,110.86,99.15,107.57,437812353.0,47095474812.21
NVDA,2025-04-11,108.5,111.5499,107.48,110.93,313417265.0,34767377206.450005
NVDA,2025-04-14,114.11,114.29,109.07,110.71,264705049.0,29305495974.789997
NVDA,2025-04-15,110.97,113.615,110.5,112.2,228966900.0,25690086180.0
NVDA,2025-04-16,104.55,106.79,100.45,104.49,397016870.0,41484292746.299995
NVDA,2025-04-17,104.45,104.47,100.05,101.49,292517465.0,29687597522.85
NVDA,2025-04-21,98.77,99.44,95.04,96.91,288501136.0,27958645089.76
NVDA,2025-04-22,98.78,99.811,97.28,98.89,241004784.0,23832963089.76
NVDA,2025-04-23,104.52,104.8,102.02,102.71,247525971.0,25423392481.41
NVDA,2025-04-24,103.475,106.54,103.11,106.43,220815041.0,23501344813.63
NVDA,2025-04-25,106.85,111.92,105.73,111.01,251064672.0,27870689238.72
NVDA,2025-04-28,109.69,110.3699,106.02,108.73,207708479.0,22584142921.670002
NVDA,2025-04-29,107.67,110.1999,107.44,109.02,170444263.0,18581833552.26
NVDA,2025-04-30,104.47,108.92,104.08,108.92,235044611.0,25601059030.12
NVDA,2025-05-01,113.08,114.94,111.3,111.61,236121507.0,26353521396.27
NVDA,2025-05-02,114.18,115.4,113.37,114.5,190194778.0,21777302081.0
NVDA,2025-05-05,112.905,114.665,112.66,113.82,133163241.0,15156640090.619999
NVDA,2025-05-06,111.48,114.74,110.822,113.54,158525621.0,17998999008.34
NVDA,2025-05-07,113.045,117.68,112.2818,117.06,207827821.0,24328324726.260002
NVDA,2025-05-08,118.25,118.68,115.85,117.37,198428122.0,23289508679.14
NVDA,2025-05-09,117.35,118.23,115.21,116.65,132972189.0,15511205846.85
NVDA,2025-05-12,121.97,123.0,120.28,123.0,225023345.0,27677871435.0
NVDA,2025-05-13,124.98,131.2189,124.47,129.93,330430105.0,42932783542.65
NVDA,2025-05-14,133.195,135.435,131.68,135.34,281180830.0,38055013532.200005
NVDA,2025-05-15,134.295,136.3,132.66,134.83,226632563.0,30556868469.290005
NVDA,2025-05-16,136.22,136.35,133.46,135.4,226542451.0,30673847865.4
NVDA,2025-05-19,132.39,135.87,132.39,135.57,193154571.0,26185965190.469997
NVDA,2025-05-20,134.29,134.58,132.62,134.38,161514247.0,21704284511.86
NVDA,2025-05-21,133.06,137.4,130.59,131.8,270608738.0,35666231668.4
NVDA,2025-05-22,132.23,134.25,131.55,132.83,187343954.0,24884897409.820004
NVDA,2025-05-23,130.0,132.68,129.16,131.29,198821324.0,26103251627.96
NVDA,2025-05-27,134.15,135.66,133.31,135.5,192953613.0,26145214561.5
NVDA,2025-05-28,136.025,137.25,134.79,134.81,304021146.0,40985090692.26
NVDA,2025-05-29,142.245,143.49,137.91,139.19,370615167.0,51585925094.729996
NVDA,2025-05-30,138.715,139.62,132.92,135.13,333170851.0,45021377095.63
NVDA,2025-06-02,135.49,138.12,135.4,137.38,197663116.0,27154958876.079998
NVDA,2025-06-03,138.78,142.0,137.95,141.22,225578783.0,31856235735.26
NVDA,2025-06-04,142.19,142.39,139.545,141.92,167120819.0,23717786632.48
NVDA,2025-06-05,142.17,144.0,138.83,139.99,232410759.0,32535182152.410004
NVDA,2025-06-06,142.51,143.27,141.51,141.72,153986153.0,21822917603.16
NVDA,2025-06-09,143.19,145.0,141.94,142.63,185114494.0,26402880279.219997
NVDA,2025-06-10,142.69,144.29,141.525,143.96,155881897.0,22440757892.120003
NVDA,2025-06-11,144.61,144.99,141.87,142.83,167694044.0,23951740304.52
NVDA,2025-06-12,141.97,145.0,141.85,145.0,162364991.0,23542923695.0
NVDA,2025-06-13,142.48,143.58,140.855,141.97,180820565.0,25671095613.05
NVDA,2025-06-16,143.345,146.175,143.2001,144.69,183133666.0,26497610133.54
NVDA,2025-06-17,144.49,145.22,143.78,144.12,139108000.0,20048244960.0
NVDA,2025-06-18,144.005,145.65,143.12,145.48,161494121.0,23494164723.079998
NVDA,2025-06-20,145.45,146.2,142.65,143.85,242956157.0,34949243184.45
NVDA,2025-06-23,142.5,144.78,142.03,144.17,154308941.0,22246720023.969997
NVDA,2025-06-24,145.56,147.96,145.5,147.9,187566121.0,27741029295.9
NVDA,2025-06-25,149.27,154.45,149.26,154.31,269146471.0,41531991940.01
NVDA,2025-06-26,155.975,156.715,154.0,155.02,198145746.0,30716553544.920002
NVDA,2025-06-27,156.04,158.71,155.255,157.75,263234539.0,41525248527.25
NVDA,2025-06-30,158.4,158.66,155.96,157.99,194580316.0,30741744124.84
NVDA,2025-07-01,156.29,157.2,151.49,153.3,213143621.0,32674917099.300003
NVDA,2025-07-02,152.98,157.6,152.97,157.25,171224111.0,26924991454.75
NVDA,2025-07-03,158.37,160.98,157.77,159.34,143716055.0,22899716203.7
NVDA,2025-07-07,158.2,159.31,157.342,158.24,140138975.0,22175591404.0
NVDA,2025-07-08,159.33,160.22,158.39,160.0,138133025.0,22101284000.0
NVDA,2025-07-09,161.22,164.42,161.16,162.88,183656443.0,29913961435.84
NVDA,2025-07-10,164.32,164.5,161.61,164.1,167704075.0,27520238707.5
NVDA,2025-07-11,163.715,167.89,163.47,164.92,193633263.0,31933997733.96
NVDA,2025-07-14,165.37,165.49,162.02,164.07,136975754.0,22473611958.78
NVDA,2025-07-15,171.19,172.4,169.195,170.7,230627350.0,39368088645.0
NVDA,2025-07-16,171.06,171.75,168.9,171.37,158831509.0,27218955697.33
NVDA,2025-07-17,172.02,174.16,170.83,173.0,160841119.0,27825513587.0
NVDA,2025-07-18,173.64,174.25,171.26,172.41,146456416.0,25250550682.56
NVDA,2025-07-21,172.75,173.38,171.0,171.38,123126136.0,21101357187.68
NVDA,2025-07-22,171.34,171.39,164.58,167.03,193114327.0,32255886038.81
NVDA,2025-07-23,169.53,171.26,167.97,170.78,154082197.0,26314157603.66
NVDA,2025-07-24,172.44,173.83,171.3,173.74,128984628.0,22409789268.72
NVDA,2025-07-25,173.61,174.72,172.96,173.5,122316792.0,21221963412.0
NVDA,2025-07-28,174.02,177.0,173.97,176.75,140023521.0,24749157336.75
NVDA,2025-07-29,177.96,179.38,175.02,175.51,154077512.0,27042144131.12
NVDA,2025-07-30,176.51,179.89,176.04,179.27,174312208.0,31248949528.160004
NVDA,2025-07-31,182.9,183.3,175.93,177.87,221685446.0,39431190280.020004
NVDA,2025-08-01,174.09,176.54,170.89,173.72,204528985.0,35530775274.2
NVDA,2025-08-04,175.16,180.2,174.52,180.0,148174609.0,26671429620.0
NVDA,2025-08-05,179.62,180.26,175.9,178.26,156407621.0,27881222519.46
NVDA,2025-08-06,176.325,179.9,176.25,179.42,137192265.0,24615036186.3
NVDA,2025-08-07,181.57,183.88,178.795,180.77,151878365.0,27455052041.050003
NVDA,2025-08-08,181.55,183.3,180.4,182.7,123396679.0,22544573253.3
NVDA,2025-08-11,182.05,183.84,180.25,182.06,138323191.0,25183120153.46
NVDA,2025-08-12,182.96,184.48,179.46,183.16,145729202.0,26691760638.32
NVDA,2025-08-13,182.615,183.97,179.35,181.59,179871724.0,32662906361.16
NVDA,2025-08-14,179.75,183.02,179.46,182.02,129553959.0,23581411617.18
NVDA,2025-08-15,181.88,181.9,178.0417,180.45,156602161.0,28258859952.449997
NVDA,2025-08-18,180.6,182.9375,180.59,182.01,132007959.0,24026768617.59
NVDA,2025-08-19,182.43,182.5,175.49,175.64,185229219.0,32533660025.159996
NVDA,2025-08-20,175.165,176.0,168.801,175.4,215142725.0,37736033965.0
NVDA,2025-08-21,174.85,176.9,173.81,174.98,140040850.0,24504347933.0
NVDA,2025-08-22,172.61,178.59,171.2,177.99,172789427.0,30754790111.730003
NVDA,2025-08-25,178.35,181.91,176.57,179.81,163012789.0,29311329590.09
NVDA,2025-08-26,180.055,182.39,178.81,181.77,168688186.0,30662451569.22
NVDA,2025-08-27,181.98,182.49,179.1,181.6,235518949.0,42770241138.4
NVDA,2025-08-28,180.82,184.47,176.41,180.17,281787824.0,50769712250.079994
NVDA,2025-08-29,178.11,178.15,173.145,174.18,243257873.0,42370656319.14
NVDA,2025-09-02,170.0,172.379,167.22,170.78,231164853.0,39478333595.340004
NVDA,2025-09-03,171.06,172.41,168.875,170.62,164424873.0,28054171831.260002
NVDA,2025-09-04,170.57,171.86,169.41,171.66,141670144.0,24319096919.04
NVDA,2025-09-05,168.03,169.03,164.07,167.02,224441435.0,37486208473.700005
NVDA,2025-09-08,167.55,170.96,167.35,168.31,163769133.0,27563982775.23
NVDA,2025-09-09,169.09,170.98,166.7401,170.76,157548392.0,26902963417.92
NVDA,2025-09-10,176.64,179.29,175.47,177.33,226852020.0,40227668706.600006
NVDA,2025-09-11,179.68,180.28,176.48,177.17,151159274.0,26780888574.579998
NVDA,2025-09-12,177.77,178.595,176.45,177.82,124911026.0,22211678643.32
NVDA,2025-09-15,175.67,178.85,174.51,177.75,147061559.0,26140192112.25
NVDA,2025-09-16,177.0,177.5,174.38,174.88,140737775.0,24612222092.0
NVDA,2025-09-17,172.64,173.2,168.41,170.29,211843817.0,36074883596.93
NVDA,2025-09-18,173.98,177.1,172.96,176.24,191763313.0,33796366283.120003
NVDA,2025-09-19,175.77,178.08,175.18,176.67,237182143.0,41902969203.81
NVDA,2025-09-22,175.3,184.55,174.7053,183.61,269637001.0,49508049753.61
NVDA,2025-09-23,181.97,182.42,176.21,178.43,192559552.0,34358400863.36
NVDA,2025-09-24,179.77,179.78,175.4,176.97,143564116.0,25406541608.52
NVDA,2025-09-25,174.48,180.26,173.125,177.69,191586733.0,34043046586.77
NVDA,2025-09-26,178.17,179.77,174.93,178.19,148573732.0,26474353305.079998
NVDA,2025-09-29,180.425,184.0,180.32,181.85,193063455.0,35108589291.75
NVDA,2025-09-30,182.08,187.35,181.48,186.58,236981032.0,44215920950.560005
NVDA,2025-10-01,185.24,188.14,183.9,187.24,173844901.0,32550719263.24
NVDA,2025-10-02,189.6,191.05,188.06,188.89,136805821.0,25841251528.69
NVDA,2025-10-03,189.19,190.36,185.38,187.62,137596896.0,25815929627.52
NVDA,2025-10-06,185.5,187.23,183.33,185.54,157678104.0,29255595416.16
NVDA,2025-10-07,186.23,189.06,184.0,185.04,140088008.0,25921885000.32
NVDA,2025-10-08,186.57,189.6,186.54,189.11,130168861.0,24616233303.710003
NVDA,2025-10-09,192.225,195.3,191.06,192.57,182997234.0,35239777351.38
NVDA,2025-10-10,193.505,195.62,182.05,183.16,268774359.0,49228711594.44
NVDA,2025-10-13,187.965,190.1099,185.96,188.32,153482755.0,28903872421.6
NVDA,2025-10-14,184.77,184.8,179.7,180.03,205641380.0,37021617641.4
NVDA,2025-10-15,184.8,184.87,177.29,179.83,214450482.0,38564630178.060005
NVDA,2025-10-16,182.23,183.28,179.77,181.81,179723309.0,32675494809.29
NVDA,2025-10-17,180.18,184.1,179.75,183.22,173135217.0,31721834458.74
NVDA,2025-10-20,183.13,185.2,181.73,182.64,128544711.0,23477406017.039997
NVDA,2025-10-21,182.785,182.785,179.8,181.16,124240168.0,22507348834.88
NVDA,2025-10-22,181.14,183.44,176.76,180.28,162249552.0,29250349234.56
NVDA,2025-10-23,180.42,183.03,179.7901,182.16,111363718.0,20286014870.88
NVDA,2025-10-24,183.835,187.47,183.5,186.26,131296677.0,24455319058.02
NVDA,2025-10-27,189.99,192.0,188.4318,191.49,153452704.0,29384658288.960003
NVDA,2025-10-28,193.05,203.15,191.91,201.03,297986180.0,59904161765.4
NVDA,2025-10-29,207.98,212.1899,204.775,207.04,308829564.0,63940072930.56
NVDA,2025-10-30,205.15,206.16,201.41,202.89,178864443.0,36289806840.27
NVDA,2025-10-31,206.45,207.97,202.07,202.49,179802178.0,36408143023.22
NVDA,2025-11-03,208.08,211.335,205.56,206.88,180267285.0,37293695920.799995
NVDA,2025-11-04,203.0,203.9699,197.93,198.69,188919320.0,37536379690.8
NVDA,2025-11-05,198.77,202.92,194.65,195.21,171350332.0,33449298309.72
NVDA,2025-11-06,196.42,197.62,186.38,188.08,223029778.0,41947440646.240005
NVDA,2025-11-07,184.9,188.32,178.91,188.15,264942255.0,49848885278.25
NVDA,2025-11-10,195.11,199.94,193.79,199.05,198897134.0,39590474522.700005
NVDA,2025-11-11,195.155,195.42,191.3,193.16,176483327.0,34089519443.32
NVDA,2025-11-12,195.72,195.89,191.13,193.8,154935263.0,30026453969.4
NVDA,2025-11-13,191.05,191.44,183.85,186.86,207423074.0,38759075607.64
NVDA,2025-11-14,182.86,191.01,180.58,190.17,186591856.0,35484173255.52
NVDA,2025-11-17,185.965,189.0,184.32,186.6,173628858.0,32399144902.8
NVDA,2025-11-18,183.375,184.8,179.65,181.36,213598877.0,38738292332.72
NVDA,2025-11-19,184.79,187.855,182.8301,186.52,247246436.0,46116405242.72
NVDA,2025-11-20,195.95,196.0,179.85,180.64,343504849.0,62050715923.35999
NVDA,2025-11-21,181.235,184.56,172.93,178.88,346926153.0,62058150248.64
NVDA,2025-11-24,179.49,183.5,176.48,182.55,256618335.0,46845677054.25
NVDA,2025-11-25,174.91,178.16,169.55,177.82,320600271.0,57009140189.22
NVDA,2025-11-26,181.63,182.91,178.24,180.26,183852010.0,33141163322.6
NVDA,2025-11-28,179.01,179.29,176.5,177.0,121332776.0,21475901352.0
NVDA,2025-12-01,174.76,180.3,173.68,179.92,188130955.0,33848521423.6
NVDA,2025-12-02,181.76,185.66,180.0,181.46,182632230.0,33140444455.800003
NVDA,2025-12-03,181.08,182.45,179.1101,179.59,165138023.0,29657137550.57
NVDA,2025-12-04,181.62,184.515,179.96,183.38,167364857.0,30691367476.66
NVDA,2025-12-05,183.89,184.66,180.91,182.41,143971098.0,26261767986.18
NVDA,2025-12-08,182.64,188.0,182.4,185.55,204378106.0,37922357568.3
NVDA,2025-12-09,185.56,185.7167,183.32,184.97,144719705.0,26768803833.85
NVDA,2025-12-10,184.965,185.48,182.035,183.78,162785370.0,29916695298.6
NVDA,2025-12-11,180.275,181.32,176.62,180.93,182136641.0,32953982456.13
NVDA,2025-12-12,181.11,182.82,174.62,175.02,204274918.0,35752196148.36
NVDA,2025-12-15,177.936,178.415,175.03,176.29,164775636.0,29048296870.44
NVDA,2025-12-16,176.26,178.49,174.9,177.72,148588098.0,26407076776.56
NVDA,2025-12-17,176.1,176.13,170.31,170.94,222775464.0,38081237816.159996
NVDA,2025-12-18,174.53,176.15,171.82,174.14,176096001.0,30665357614.14
NVDA,2025-12-19,176.665,181.45,176.34,180.99,324925927.0,58808343527.73
NVDA,2025-12-22,183.92,184.16,182.35,183.69,129064369.0,23707833941.61
NVDA,2025-12-23,182.97,189.33,182.9,189.21,174873621.0,33087837829.41
NVDA,2025-12-24,187.94,188.91,186.59,188.61,65528545.0,12359338872.45
NVDA,2025-12-26,189.92,192.69,188.0,190.53,139740292.0,26624717834.76
NVDA,2025-12-29,187.71,188.755,185.91,188.22,120006103.0,22587548706.66
NVDA,2025-12-30,188.24,188.99,186.93,187.54,97687274.0,18320271365.96
NVDA,2025-12-31,189.57,190.56,186.49,186.5,120100484.0,22398740266.0
NVDA,2026-01-02,189.835,192.9299,188.26,188.85,148240462.0,27995211248.7
NVDA,2026-01-05,191.76,193.63,186.15,188.12,183529733.0,34525613371.96
NVDA,2026-01-06,190.52,192.174,186.82,187.24,176862604.0,33115753972.960003
NVDA,2026-01-07,188.57,191.37,186.56,189.11,153543174.0,29036549635.140003
NVDA,2026-01-08,189.11,189.55,183.71,185.04,172457048.0,31911452161.92
NVDA,2026-01-09,185.08,186.34,183.6701,184.86,131327534.0,24277207935.24
NVDA,2026-01-12,183.22,187.12,183.02,184.94,137968453.0,25515885697.82
NVDA,2026-01-13,184.995,188.1099,183.4,185.81,160128939.0,29753558155.59
NVDA,2026-01-14,184.32,184.46,180.8,183.14,159586135.0,29226604763.899998
NVDA,2026-01-15,186.5,189.7,186.33,187.05,206188642.0,38567585486.100006
NVDA,2026-01-16,189.075,190.44,186.08,186.23,187967169.0,35005125882.869995
NVDA,2026-01-20,181.9,182.3786,177.61,178.07,223345257.0,39771089913.99
NVDA,2026-01-21,179.05,185.379,178.4,183.32,200380959.0,36733837403.88
NVDA,2026-01-22,184.75,186.17,183.93,184.84,139636626.0,25810433949.84
NVDA,2026-01-23,187.5,189.6,186.8233,187.67,142748076.0,26789531422.92
NVDA,2026-01-26,187.16,189.12,185.99,186.47,124799649.0,23271390549.03
NVDA,2026-01-27,187.24,190.0,185.7,188.52,143711557.0,27092502725.640003
NVDA,2026-01-28,191.27,192.35,189.84,191.52,148552677.0,28450808699.04
NVDA,2026-01-29,191.34,193.48,186.06,192.51,171764375.0,33066359831.25
NVDA,2026-01-30,191.21,194.49,189.47,191.13,179489463.0,34305821063.19
NVDA,2026-02-02,187.2,190.3,184.88,185.61,165794054.0,30773034362.940002
NVDA,2026-02-03,186.24,186.27,176.23,180.34,204019589.0,36792892680.26
NVDA,2026-02-04,179.46,179.58,171.91,174.19,207014116.0,36059788866.04
NVDA,2026-02-05,174.925,176.815,171.03,171.88,206312890.0,35461059533.2
NVDA,2026-02-06,176.69,187.0,174.6,185.41,231346241.0,42893906543.81
NVDA,2026-02-09,184.26,193.66,183.95,190.04,196387351.0,37321452184.04
NVDA,2026-02-10,191.38,192.48,188.12,188.54,136764825.0,25785640105.5
NVDA,2026-02-11,192.45,193.26,188.77,190.05,144192685.0,27403819784.25
NVDA,2026-02-12,193.03,193.61,186.51,186.94,189932491.0,35505979867.54
NVDA,2026-02-13,187.475,187.5,181.59,182.81,161888021.0,29594749119.010002
NVDA,2026-02-17,181.75,187.15,179.18,184.97,162276860.0,30016350794.2
NVDA,2026-02-18,188.75,190.37,186.76,187.98,164749125.0,30969540517.5
NVDA,2026-02-19,187.055,188.43,185.66,187.9,126554526.0,23779595435.4
NVDA,2026-02-20,186.57,190.33,185.9378,189.82,178422337.0,33868128009.34
NVDA,2026-02-23,191.4,193.95,189.575,191.55,171584839.114167,32867075932.31869
NVDA,2026-02-24,191.49,193.77,187.4,192.85,175123602.610203,33772586763.377647
NVDA,2026-02-25,194.45,197.6299,193.79,195.56,250637102.653623,49014591794.94252
NVDA,2026-02-26,194.27,194.29,184.315,184.89,360807907.423002,66709774003.438835
NVDA,2026-02-27,181.25,182.59,176.38,177.19,311636494.282879,55218870421.98333
NVDA,2026-03-02,175.01,183.46,174.64,182.48,209095331.206143,38155716038.49697
NVDA,2026-03-03,178.49,180.9,176.92,180.05,178099430.462249,32066802454.727936
NVDA,2026-03-04,180.44,184.7,180.06,183.04,177731198.894989,32531918645.73879
NVDA,2026-03-05,181.17,184.06,177.88,183.34,198779729.946372,36444275688.36784
NVDA,2026-03-06,179.84,182.7561,176.8201,177.82,189021949.003674,33611882971.83331
NVDA,2026-03-09,176.83,182.91,175.56,182.65,177213588.107522,32368061867.838898
NVDA,2026-03-10,182.4,186.44,182.01,184.77,179118528.888813,33095730582.785976
NVDA,2026-03-11,185.91,187.62,184.45,186.03,145280386.177371,27026510240.57633
NVDA,2026-03-12,184.05,184.94,181.75,183.14,155762663.354942,28526374166.824074
NVDA,2026-03-13,184.92,186.09,179.94,180.25,160988424.757487,29018163562.537033
NVDA,2026-03-16,182.97,188.88,181.41,183.22,217307380.111795,39815058184.083084
NVDA,2026-03-17,185.06,185.4,181.6804,181.93,182497757.885206,33201817092.05553
NVDA,2026-03-18,182.48,183.38,180.33,180.4,156683136.471531,28265637819.464195
NVDA,2026-03-19,178.01,179.98,175.785,178.56,170968527.968276,30528140354.01536
NVDA,2026-03-20,178.0,178.26,171.72,172.7,241323528.651345,41676573398.08728
NVDA,2026-03-23,177.255,178.37,174.76,175.64,182836294.181428,32113366710.02601
NVDA,2026-03-24,174.83,176.22,173.98,175.2,147667844.24667,25871406312.016582
NVDA,2026-03-25,177.1,181.22,176.85,178.68,162602054.486245,29053735095.60226
NVDA,2026-03-26,176.07,176.51,171.14,171.24,186152232.943793,31876708369.295116
NVDA,2026-03-27,170.0,170.97,167.01,167.52,196212684.362893,32869548884.471836
NVDA,2026-03-30,168.78,169.45,164.27,165.17,185626992.755853,30660010393.484238
NVDA,2026-03-31,166.97,174.62,166.96,174.4,226181301.186001,39446018926.83858
NVDA,2026-04-01,176.0,177.37,174.75,175.75,168132005.616629,29549199987.122547
NVDA,2026-04-02,172.18,177.49,171.37,177.39,143143157.049265,25392164628.969116
NVDA,2026-04-06,177.155,177.79,175.76,177.64,107564279.813609,19107718666.0895
NVDA,2026-04-07,175.725,178.23,173.66,178.1,132534902.00826,23604466047.671104
NVDA,2026-04-08,184.5,185.26,180.3,182.08,147732686.722602,26899167598.451374
NVDA,2026-04-09,181.84,184.08,180.62,183.91,116428523.424347,21412369742.971657
NVDA,2026-04-10,184.31,190.0,184.3,188.63,160459524.569812,30267480119.603638
NVDA,2026-04-13,186.03,189.66,185.74,189.31,133648180.844712,25300937115.71243
NVDA,2026-04-14,190.84,196.51,190.77,196.51,161307010.374366,31698440608.666656
NVDA,2026-04-15,196.54,200.4,195.74,198.87,185338388.959904,36858245412.45611
NVDA,2026-04-16,197.43,199.85,195.81,198.35,134012859.996737,26581450780.352783
NVDA,2026-04-17,199.9,201.7,199.27,201.68,160324416.541707,32334228328.13147
NVDA,2026-04-20,199.98,202.17,197.8397,202.06,119381388.121145,24122203283.758556
NVDA,2026-04-21,202.13,202.75,199.0,199.88,107945302.708851,21576107105.445137
NVDA,2026-04-22,200.99,202.5,199.0,202.5,107501042.016078,21768961008.255795
NVDA,2026-04-23,202.46,203.829,197.2206,199.64,113561830.951896,22671483931.236515
NVDA,2026-04-24,199.96,210.95,199.81,208.27,214134441.239367,44597780076.922966
NVDA,2026-04-27,209.645,216.825,207.38,216.61,187172421.461518,40543418212.77941
NVDA,2026-04-28,209.49,214.73,208.2,213.17,180275363.561777,38429299250.464
NVDA,2026-04-29,212.7,212.72,207.5758,209.25,123711821.171351,25886698580.105198
NVDA,2026-04-30,209.93,210.3,198.7,199.57,225239156.993873,44950978561.267235
GOOGL,2025-01-02,190.65,192.0,187.5,189.43,20370828.0,3858845948.04
GOOGL,2025-01-03,191.37,193.21,189.975,191.79,18596159.0,3566557334.6099997
GOOGL,2025-01-06,193.98,198.2222,193.85,196.87,29563638.0,5820193413.06
GOOGL,2025-01-07,197.11,201.0,194.6,195.49,26487244.0,5177991329.56
GOOGL,2025-01-08,192.57,196.29,192.38,193.95,24864766.0,4822521365.7
GOOGL,2025-01-10,194.295,196.52,190.31,192.04,26665206.0,5120786160.24
GOOGL,2025-01-13,190.07,191.18,187.36,191.01,21823699.0,4168544745.99
GOOGL,2025-01-14,191.24,191.98,188.3082,189.66,17174854.0,3257382809.64
GOOGL,2025-01-15,193.09,196.36,191.86,195.55,21775969.0,4258290737.9500003
GOOGL,2025-01-16,194.14,195.48,192.81,192.91,17815432.0,3436774987.12
GOOGL,2025-01-17,196.53,197.23,193.75,196.0,27735089.0,5436077444.0
GOOGL,2025-01-21,199.07,202.29,197.87,198.05,29971292.0,5935814380.6
GOOGL,2025-01-22,199.06,200.48,197.53,198.37,26200617.0,5197416394.29
GOOGL,2025-01-23,198.14,200.3,195.2,197.98,26951357.0,5335829658.86
GOOGL,2025-01-24,198.1,200.9,198.0,200.21,23877521.0,4780518479.41
GOOGL,2025-01-27,192.41,196.88,190.73,191.81,41728893.0,8004018966.33
GOOGL,2025-01-28,192.745,195.48,190.68,195.3,24157929.0,4718043533.7
GOOGL,2025-01-29,195.555,196.785,193.43,195.41,18218256.0,3560029404.96
GOOGL,2025-01-30,198.0,201.4,197.67,200.87,24354684.0,4892125375.08
GOOGL,2025-01-31,202.0,205.48,201.8,204.02,32041952.0,6537199047.04
GOOGL,2025-02-03,200.69,203.75,200.1,201.23,27838348.0,5601910768.04
GOOGL,2025-02-04,203.39,207.05,202.81,206.38,43856425.0,9051088991.5
GOOGL,2025-02-05,191.07,192.75,188.03,191.33,70461770.0,13481450454.1
GOOGL,2025-02-06,189.5,192.1,188.72,191.6,29297442.0,5613389887.2
GOOGL,2025-02-07,191.05,191.18,183.24,185.34,49314961.0,9140034871.74
GOOGL,2025-02-10,187.35,188.2,185.86,186.47,23105649.0,4308510369.03
GOOGL,2025-02-11,185.03,186.94,184.28,185.32,21239519.0,3936107661.08
GOOGL,2025-02-12,183.22,185.11,181.83,183.61,22072559.0,4052742557.9900002
GOOGL,2025-02-13,184.32,186.28,183.14,186.14,21402523.0,3983865631.22
GOOGL,2025-02-14,185.055,186.4,184.32,185.23,20448437.0,3787663985.5099998
GOOGL,2025-02-18,185.6,185.96,181.7401,183.77,29916675.0,5497787364.75
GOOGL,2025-02-19,184.07,185.46,183.59,185.27,19549396.0,3621916596.92
GOOGL,2025-02-20,184.8,185.31,182.72,184.56,20441462.0,3772676226.7200003
GOOGL,2025-02-21,185.15,185.34,179.08,179.66,35199239.0,6323895278.74
GOOGL,2025-02-24,181.99,183.12,178.885,179.25,29854206.0,5351366425.5
GOOGL,2025-02-25,178.04,178.74,174.6939,175.42,41913411.0,7352450557.62
GOOGL,2025-02-26,175.07,176.08,171.5807,172.73,35431268.0,6120042921.639999
GOOGL,2025-02-27,173.99,174.56,167.94,168.5,39991015.0,6738486027.5
GOOGL,2025-02-28,168.68,170.61,166.77,170.28,48130565.0,8195672608.2
GOOGL,2025-03-03,171.925,173.37,165.93,167.01,40770451.0,6809073021.509999
GOOGL,2025-03-04,166.24,173.2946,165.8,170.92,45387996.0,7757716276.32
GOOGL,2025-03-05,170.52,173.78,169.06,173.02,30954922.0,5355820604.440001
GOOGL,2025-03-06,170.53,174.81,170.5,172.35,28301953.0,4877841599.55
GOOGL,2025-03-07,171.26,174.97,170.27,173.86,27385813.0,4761297448.18
GOOGL,2025-03-10,168.26,168.46,163.69,165.87,43604027.0,7232599958.49
GOOGL,2025-03-11,164.91,166.75,161.37,164.04,39587414.0,6493919392.559999
GOOGL,2025-03-12,166.58,167.6399,163.53,167.11,28372396.0,4741311095.56
GOOGL,2025-03-13,166.035,166.13,162.11,162.76,31756214.0,5168641390.639999
GOOGL,2025-03-14,163.27,166.49,162.45,165.49,31995894.0,5295000498.06
GOOGL,2025-03-17,165.03,166.3,163.67,164.29,31184335.0,5123274397.15
GOOGL,2025-03-18,163.675,164.25,156.72,160.67,42074751.0,6760150243.169999
GOOGL,2025-03-19,161.76,165.87,161.0,163.89,34275582.0,5617425133.98
GOOGL,2025-03-20,161.57,164.89,160.96,162.8,28138464.0,4580941939.200001
GOOGL,2025-03-21,161.205,164.24,160.8901,163.99,36625764.0,6006259038.360001
GOOGL,2025-03-24,167.065,168.32,165.14,167.68,30879129.0,5177812350.72
GOOGL,2025-03-25,168.98,170.63,168.315,170.56,24174373.0,4123181058.88
GOOGL,2025-03-26,169.0,169.61,164.84,165.06,28939326.0,4776725149.56
GOOGL,2025-03-27,164.63,165.42,162.0,162.24,24508273.0,3976222211.5200005
GOOGL,2025-03-28,160.49,161.82,153.63,154.33,48669335.0,7511138470.55
GOOGL,2025-03-31,153.11,155.54,150.662,154.64,54603464.0,8443879672.959999
GOOGL,2025-04-01,153.62,158.1,153.62,157.07,30672899.0,4817792245.929999
GOOGL,2025-04-02,155.15,158.4052,154.7,157.04,25041730.0,3932553279.2
GOOGL,2025-04-03,151.11,152.7799,150.39,150.72,46883371.0,7066261677.12
GOOGL,2025-04-04,148.01,151.07,145.38,145.6,62259539.0,9064988878.4
GOOGL,2025-04-07,141.55,152.85,140.53,146.75,76794136.0,11269539458.0
GOOGL,2025-04-08,151.22,152.24,143.03,144.7,52200208.0,7553370097.599999
GOOGL,2025-04-09,144.415,159.55,143.905,158.71,70406232.0,11174173080.720001
GOOGL,2025-04-10,156.54,157.72,149.93,152.82,48021972.0,7338717761.04
GOOGL,2025-04-11,152.9,157.67,152.82,157.14,33636239.0,5285598596.459999
GOOGL,2025-04-14,159.995,161.72,157.56,159.07,30332957.0,4825063469.99
GOOGL,2025-04-15,159.125,159.65,155.21,156.31,27551534.0,4306580279.54
GOOGL,2025-04-16,153.1,155.89,151.51,153.33,28187421.0,4321977261.93
GOOGL,2025-04-17,154.29,154.68,148.5,151.16,33046576.0,4995320428.16
GOOGL,2025-04-21,148.88,148.945,146.1,147.67,26049115.0,3846672812.0499997
GOOGL,2025-04-22,148.89,152.19,148.54,151.47,26971774.0,4085414607.7799997
GOOGL,2025-04-23,155.61,157.525,153.81,155.35,31128833.0,4835864206.55
GOOGL,2025-04-24,156.15,159.59,155.79,159.28,45893951.0,7309988515.28
GOOGL,2025-04-25,165.07,166.1,161.04,161.96,56033995.0,9075265830.2
GOOGL,2025-04-28,162.425,163.15,158.6,160.61,29745782.0,4777470047.02
GOOGL,2025-04-29,160.325,160.74,157.52,160.16,26808958.0,4293722713.2799997
GOOGL,2025-04-30,157.975,159.27,155.4,158.8,34981059.0,5554992169.200001
GOOGL,2025-05-01,160.45,161.95,158.91,161.3,30203248.0,4871783902.400001
GOOGL,2025-05-02,163.405,164.97,161.87,164.03,25715005.0,4218032270.15
GOOGL,2025-05-05,163.0,165.39,162.72,164.21,21341814.0,3504539276.94
GOOGL,2025-05-06,162.17,164.8,161.19,163.23,21277210.0,3473078988.2999997
GOOGL,2025-05-07,164.08,165.0,147.84,151.38,127747554.0,19338424724.52
GOOGL,2025-05-08,155.0,155.93,152.9,154.28,57498692.0,8870898201.76
GOOGL,2025-05-09,154.17,155.05,152.2,152.75,32435281.0,4954489172.75
GOOGL,2025-05-12,157.485,159.1,156.25,158.46,44138818.0,6994237100.280001
GOOGL,2025-05-13,158.79,160.57,156.16,159.53,42382126.0,6761220560.78
GOOGL,2025-05-14,159.96,167.0,159.61,165.37,48755869.0,8062758056.530001
GOOGL,2025-05-15,165.84,166.205,162.3732,163.96,33146669.0,5434727849.240001
GOOGL,2025-05-16,167.725,169.35,165.62,166.19,42846925.0,7120730465.75
GOOGL,2025-05-19,164.51,166.64,164.22,166.54,30426097.0,5067162194.38
GOOGL,2025-05-20,166.43,168.5,162.9,163.98,46607656.0,7642723430.879999
GOOGL,2025-05-21,163.69,173.14,163.56,168.56,73415956.0,12374993543.36
GOOGL,2025-05-22,171.85,176.77,170.71,170.87,74864418.0,12792083103.66
GOOGL,2025-05-23,169.055,169.96,167.89,168.47,35211439.0,5932071128.33
GOOGL,2025-05-27,170.16,173.17,170.0,172.9,37995670.0,6569451343.0
GOOGL,2025-05-28,173.16,175.265,171.9107,172.36,34783997.0,5995369722.92
GOOGL,2025-05-29,174.0,174.4193,170.63,171.86,29373803.0,5048181783.580001
GOOGL,2025-05-30,171.35,172.205,167.44,171.74,52639911.0,9040378315.140001
GOOGL,2025-06-02,167.84,169.87,167.39,169.03,38612272.0,6526632336.16
GOOGL,2025-06-03,167.49,168.475,165.28,166.18,45084903.0,7492209180.54
GOOGL,2025-06-04,166.735,168.215,166.36,168.05,26900838.0,4520685825.900001
GOOGL,2025-06-05,170.34,170.93,167.59,168.21,36444564.0,6130340110.440001
GOOGL,2025-06-06,170.83,174.5,170.83,173.68,35731832.0,6205904581.76
GOOGL,2025-06-09,174.54,176.47,174.37,176.09,28935906.0,5095323687.54
GOOGL,2025-06-10,176.2,181.105,174.91,178.6,61766121.0,11031429210.6
GOOGL,2025-06-11,179.77,180.37,176.75,177.35,31646757.0,5612552353.95
GOOGL,2025-06-12,176.18,176.72,174.745,175.7,20941873.0,3679487086.1
GOOGL,2025-06-13,172.44,177.13,172.385,174.67,27663107.0,4831914899.69
GOOGL,2025-06-16,174.73,176.94,174.65,176.77,27389208.0,4841590298.16
GOOGL,2025-06-17,175.7,177.3648,174.58,175.95,24973043.0,4394006915.849999
GOOGL,2025-06-18,176.01,176.56,173.2,173.32,28707524.0,4975588059.679999
GOOGL,2025-06-20,173.945,174.34,165.46,166.64,75659917.0,12607968568.88
GOOGL,2025-06-23,166.27,167.34,162.0,165.19,57670985.0,9526670012.15
GOOGL,2025-06-24,166.92,168.22,166.13,166.77,40524312.0,6758239512.240001
GOOGL,2025-06-25,167.63,172.36,167.55,170.68,35478989.0,6055553842.52
GOOGL,2025-06-26,172.43,173.69,169.94,173.54,31796690.0,5517997582.599999
GOOGL,2025-06-27,173.54,178.68,171.73,178.53,108140200.0,19306269906.0
GOOGL,2025-06-30,180.78,181.23,174.58,176.23,63378856.0,11169255792.88
GOOGL,2025-07-01,175.735,176.09,173.53,175.84,35904526.0,6313451851.84
GOOGL,2025-07-02,175.54,178.86,175.07,178.64,29128947.0,5203595092.08
GOOGL,2025-07-03,178.5,179.67,177.05,179.53,21689729.0,3893957047.37
GOOGL,2025-07-07,179.06,179.297,175.68,176.79,34175648.0,6041912809.92
GOOGL,2025-07-08,177.85,177.95,172.81,174.36,40442535.0,7051560402.6
GOOGL,2025-07-09,175.25,179.44,172.77,176.62,43025594.0,7599180412.28
GOOGL,2025-07-10,175.63,178.429,174.38,177.62,29252386.0,5195808801.32
GOOGL,2025-07-11,176.785,181.43,176.48,180.19,34282922.0,6177439715.18
GOOGL,2025-07-14,181.01,183.67,179.68,181.56,32536632.0,5907350905.92
GOOGL,2025-07-15,182.81,184.22,181.6,182.0,33448251.0,6087581682.0
GOOGL,2025-07-16,183.235,184.327,182.03,182.97,33104193.0,6057074193.21
GOOGL,2025-07-17,182.14,184.06,180.48,183.58,31992565.0,5873195082.700001
GOOGL,2025-07-18,185.4,186.42,183.71,185.06,34014509.0,6294725035.54
GOOGL,2025-07-21,186.25,190.285,186.15,190.1,45803129.0,8707174822.9
GOOGL,2025-07-22,191.495,191.645,187.46,191.34,44660215.0,8545285538.1
GOOGL,2025-07-23,191.5,192.53,189.18,190.23,58681948.0,11163066968.039999
GOOGL,2025-07-24,197.03,197.95,191.0,192.17,74881687.0,14390013790.789999
GOOGL,2025-07-25,191.98,194.33,191.26,193.18,39785863.0,7685833014.34
GOOGL,2025-07-28,193.65,194.05,190.84,192.58,38139504.0,7344905680.320001
GOOGL,2025-07-29,192.43,195.92,192.08,195.75,41389153.0,8101926699.75
GOOGL,2025-07-30,195.6,197.5999,194.685,196.53,32445405.0,6376495444.65
GOOGL,2025-07-31,195.71,195.99,191.09,191.9,51329163.0,9850066379.7
GOOGL,2025-08-01,189.025,190.83,187.82,189.13,34832181.0,6587810392.53
GOOGL,2025-08-04,190.29,195.27,190.12,195.04,31547350.0,6152995144.0
GOOGL,2025-08-05,194.71,197.8599,193.885,194.67,31602340.0,6152027527.799999
GOOGL,2025-08-06,194.5,196.63,193.67,196.09,21562908.0,4228270629.7200003
GOOGL,2025-08-07,197.06,197.54,194.33,196.52,26321811.0,5172762297.72
GOOGL,2025-08-08,197.22,202.61,197.17,201.42,39161826.0,7887974992.919999
GOOGL,2025-08-11,200.935,201.475,199.07,201.0,25832435.0,5192319435.0
GOOGL,2025-08-12,201.365,204.5,200.59,203.34,30424452.0,6186508069.68
GOOGL,2025-08-13,204.13,204.53,197.5101,201.96,28342922.0,5724136527.12
GOOGL,2025-08-14,201.5,204.44,201.225,202.94,25230427.0,5120262855.38
GOOGL,2025-08-15,203.85,206.44,201.28,203.9,34931422.0,7122516945.8
GOOGL,2025-08-18,204.2,205.265,202.49,203.5,18526594.0,3770161879.0
GOOGL,2025-08-19,203.03,203.44,199.96,201.57,24240233.0,4886103765.809999
GOOGL,2025-08-20,200.73,201.28,196.595,199.32,28955498.0,5771409861.36
GOOGL,2025-08-21,199.745,202.48,199.43,199.75,19774633.0,3949982941.75
GOOGL,2025-08-22,202.73,208.54,201.3,206.09,42827040.0,8826224673.6
GOOGL,2025-08-25,206.43,210.52,205.28,208.49,29928878.0,6239871774.22
GOOGL,2025-08-26,207.51,207.85,205.7,207.14,28464130.0,5896059888.2
GOOGL,2025-08-27,205.7,208.91,205.65,207.48,23022850.0,4776780918.0
GOOGL,2025-08-28,207.25,212.22,206.9,211.64,32339307.0,6844290933.48
GOOGL,2025-08-29,210.51,214.645,210.2,212.91,39728364.0,8458565979.24
GOOGL,2025-09-02,208.44,211.675,206.195,211.35,47523037.0,10043993869.949999
GOOGL,2025-09-03,226.21,231.31,224.79,230.66,103336125.0,23835510592.5
GOOGL,2025-09-04,229.65,232.37,226.11,232.3,51684167.0,12006231994.1
GOOGL,2025-09-05,232.2,235.76,231.9,235.0,46588925.0,10948397375.0
GOOGL,2025-09-08,235.47,238.13,233.67,234.04,32474743.0,7600388851.719999
GOOGL,2025-09-09,234.165,240.47,233.229,239.63,38060959.0,9120547605.17
GOOGL,2025-09-10,238.9,241.66,237.85,239.17,35141074.0,8404690668.58
GOOGL,2025-09-11,239.88,242.25,236.25,240.37,30599328.0,7355160471.360001
GOOGL,2025-09-12,240.37,242.075,238.0,240.8,26771610.0,6446603688.0
GOOGL,2025-09-15,244.66,252.4099,244.66,251.61,58383796.0,14689946911.560001
GOOGL,2025-09-16,252.08,253.04,249.47,251.16,34109720.0,8566997275.2
GOOGL,2025-09-17,251.22,251.6,246.28,249.53,34107992.0,8510967243.76
GOOGL,2025-09-18,251.68,253.99,249.8,252.03,31239474.0,7873284632.22
GOOGL,2025-09-19,253.25,256.0,251.81,254.72,55571424.0,14155153121.28
GOOGL,2025-09-22,254.43,255.78,250.3,252.53,32290538.0,8154329561.14
GOOGL,2025-09-23,253.04,254.36,250.48,251.66,26628016.0,6701206506.559999
GOOGL,2025-09-24,251.66,252.3501,246.44,247.14,28201003.0,6969595881.42
GOOGL,2025-09-25,244.4,246.49,240.74,245.79,31020383.0,7624499937.57
GOOGL,2025-09-26,247.065,249.42,245.97,246.54,18503194.0,4561777448.76
GOOGL,2025-09-29,247.85,251.1486,242.77,244.05,32505777.0,7933034876.85
GOOGL,2025-09-30,242.81,243.29,239.245,243.1,34724346.0,8441488512.599999
GOOGL,2025-10-01,240.75,246.3,238.61,244.9,31658234.0,7753101506.6
GOOGL,2025-10-02,245.15,246.81,242.3,245.69,25483298.0,6260991485.62
GOOGL,2025-10-03,244.49,246.3,241.655,245.35,30249559.0,7421729300.65
GOOGL,2025-10-06,244.78,251.32,244.58,250.43,28894653.0,7236087950.79
GOOGL,2025-10-07,248.27,250.44,245.52,245.76,23181285.0,5697032601.599999
GOOGL,2025-10-08,244.96,246.005,243.82,244.62,21307104.0,5212143780.4800005
GOOGL,2025-10-09,244.47,244.76,239.15,241.53,27892086.0,6736775531.58
GOOGL,2025-10-10,241.43,244.09,235.84,236.57,33180323.0,7849469012.11
GOOGL,2025-10-13,240.21,244.5,239.71,244.15,24995028.0,6102536086.2
GOOGL,2025-10-14,241.23,247.12,240.51,245.45,22111572.0,5427285347.4
GOOGL,2025-10-15,247.245,252.11,245.99,251.03,27007690.0,6779740420.7
GOOGL,2025-10-16,251.765,256.96,250.101,251.46,27997159.0,7040165602.14
GOOGL,2025-10-17,250.76,254.22,247.81,253.3,29671629.0,7515823625.700001
GOOGL,2025-10-20,254.69,257.33,254.23,256.55,22350155.0,5733932265.25
GOOGL,2025-10-21,254.74,254.88,244.15,250.46,47312098.0,11849788065.08
GOOGL,2025-10-22,254.37,256.36,249.29,251.69,35029370.0,8816542135.3
GOOGL,2025-10-23,252.98,255.04,251.85,253.08,19901425.0,5036652639.0
GOOGL,2025-10-24,256.58,261.68,255.315,259.92,28655126.0,7448040349.92
GOOGL,2025-10-27,264.815,270.14,264.28,269.27,35235231.0,9487790651.369999
GOOGL,2025-10-28,269.69,270.73,266.5,267.47,29738564.0,7954173713.080001
GOOGL,2025-10-29,267.75,275.336,267.67,274.57,43580277.0,11965836655.89
GOOGL,2025-10-30,291.59,291.59,280.06,281.48,74875990.0,21076093665.2
GOOGL,2025-10-31,283.21,286.0,277.03,281.19,39267945.0,11041753454.55
GOOGL,2025-11-03,282.175,285.53,279.8,283.72,29785996.0,8450882785.120001
GOOGL,2025-11-04,276.75,281.27,276.26,277.54,30078369.0,8347950532.26
GOOGL,2025-11-05,278.87,286.415,277.34,284.31,31010302.0,8816538961.62
GOOGL,2025-11-06,285.33,288.35,281.14,284.75,37173648.0,10585196268.0
GOOGL,2025-11-07,283.205,283.78,275.19,278.83,34479588.0,9613943522.039999
GOOGL,2025-11-10,284.42,290.8,282.855,290.1,29557309.0,8574575340.900001
GOOGL,2025-11-11,287.745,291.915,287.32,291.31,19842136.0,5780212638.16
GOOGL,2025-11-12,291.675,292.005,283.69,286.71,24829923.0,7118987223.33
GOOGL,2025-11-13,282.34,282.84,277.24,278.57,29494040.0,8216154722.8
GOOGL,2025-11-14,271.405,278.56,270.7,276.41,31647227.0,8747610015.070002
GOOGL,2025-11-17,285.775,293.95,283.57,285.02,52670192.0,15012058123.839998
GOOGL,2025-11-18,287.915,288.8,278.2,284.28,49158743.0,13974847460.039999
GOOGL,2025-11-19,287.16,303.81,286.63,292.81,68198944.0,19969332792.64
GOOGL,2025-11-20,304.54,306.42,288.67,289.45,62025218.0,17953199350.1
GOOGL,2025-11-21,296.415,303.92,293.845,299.66,74137697.0,22216102283.02
GOOGL,2025-11-24,311.13,319.48,309.595,318.58,85165123.0,27131904885.34
GOOGL,2025-11-25,326.21,328.83,317.65,323.44,88632074.0,28667158014.56
GOOGL,2025-11-26,320.68,324.5,316.79,319.95,51373361.0,16436906851.949999
GOOGL,2025-11-28,323.365,326.85,316.79,320.18,26018568.0,8330625102.24
GOOGL,2025-12-01,317.7,319.85,313.89,314.89,41182956.0,12968101014.84
GOOGL,2025-12-02,316.74,318.38,313.91,315.81,35854744.0,11323286702.64
GOOGL,2025-12-03,315.89,321.58,314.1,319.63,41838317.0,13372781262.71
GOOGL,2025-12-04,322.225,322.36,314.7,317.62,31240924.0,9922742280.880001
GOOGL,2025-12-05,319.49,323.16,319.165,321.27,28851705.0,9269187265.35
GOOGL,2025-12-08,320.05,320.44,311.2219,313.72,33909433.0,10638067320.76
GOOGL,2025-12-09,312.37,317.99,311.895,317.08,30194027.0,9573922081.16
GOOGL,2025-12-10,315.83,321.31,314.68,320.21,33428923.0,10704275433.83
GOOGL,2025-12-11,320.08,321.12,308.6,312.43,42353697.0,13232565553.710001
GOOGL,2025-12-12,313.7,314.87,305.56,309.29,35940170.0,11115935179.300001
GOOGL,2025-12-15,311.315,311.42,304.88,308.22,29151889.0,8985195227.58
GOOGL,2025-12-16,304.945,310.77,302.59,306.57,30585020.0,9376449581.4
GOOGL,2025-12-17,308.01,308.09,296.12,296.72,43930358.0,13035015825.760002
GOOGL,2025-12-18,301.72,303.96,299.2308,302.46,33518048.0,10137868798.08
GOOGL,2025-12-19,301.73,307.25,300.97,307.16,59943239.0,18412165291.24
GOOGL,2025-12-22,309.875,310.13,305.3,309.78,26429937.0,8187465883.86
GOOGL,2025-12-23,309.625,314.94,309.32,314.35,25478670.0,8009219914.500001
GOOGL,2025-12-24,314.77,315.08,311.92,314.09,10097361.0,3171480116.49
GOOGL,2025-12-26,314.48,315.085,312.275,313.51,10899017.0,3416950819.67
GOOGL,2025-12-29,311.365,314.02,310.62,313.56,19621777.0,6152604396.12
GOOGL,2025-12-30,312.5,316.95,312.46,313.85,17380888.0,5454991698.8
GOOGL,2025-12-31,312.845,314.58,311.44,313.0,16377689.0,5126216657.0
GOOGL,2026-01-02,316.9,322.5,310.33,315.15,32009385.0,10087757682.75
GOOGL,2026-01-05,317.655,319.015,314.63,316.54,30195597.0,9558114274.380001
GOOGL,2026-01-06,316.4,320.94,311.78,314.34,31212101.0,9811211828.34
GOOGL,2026-01-07,314.36,326.15,314.19,321.98,35104425.0,11302922761.5
GOOGL,2026-01-08,328.965,330.3196,321.5,325.44,31896101.0,10380267109.44
GOOGL,2026-01-09,327.09,330.83,325.8,328.57,26214166.0,8613188522.619999
GOOGL,2026-01-12,325.8,334.04,325.0,331.86,33923928.0,11257994746.08
GOOGL,2026-01-13,334.95,340.49,333.62,335.97,33517607.0,11260910423.79
GOOGL,2026-01-14,335.06,336.52,330.48,335.84,28525571.0,9580027764.64
GOOGL,2026-01-15,337.65,337.69,330.74,332.78,28442406.0,9465063868.679998
GOOGL,2026-01-16,334.41,334.65,327.7,330.0,40341637.0,13312740210.0
GOOGL,2026-01-20,320.87,327.73,320.43,322.0,35361045.0,11386256490.0
GOOGL,2026-01-21,320.92,332.4799,319.3518,328.38,35386603.0,11620252693.14
GOOGL,2026-01-22,334.45,335.15,328.75,330.54,26253640.0,8677878165.6
GOOGL,2026-01-23,332.485,333.6889,327.45,327.93,27279974.0,8945921873.82
GOOGL,2026-01-26,327.805,335.84,327.0,333.26,26042120.0,8678796911.199999
GOOGL,2026-01-27,335.365,337.91,333.48,334.55,21636164.0,7238378666.2
GOOGL,2026-01-28,336.06,337.535,331.94,336.01,27434434.0,9218244168.34
GOOGL,2026-01-29,340.3,342.29,326.54,338.25,39785612.0,13457483259.0
GOOGL,2026-01-30,340.0,340.0,332.285,338.0,31023954.0,10486096452.0
GOOGL,2026-02-02,336.22,344.83,335.63,343.69,32006052.0,11000160011.88
GOOGL,2026-02-03,347.34,349.0,337.4745,339.71,36506709.0,12401694114.39
GOOGL,2026-02-04,342.96,343.31,328.52,333.04,70618398.0,23518751269.920002
GOOGL,2026-02-05,312.22,332.69,306.46,331.25,88205849.0,29218187481.25
GOOGL,2026-02-06,327.18,330.38,319.92,322.86,56380484.0,18203003064.24
GOOGL,2026-02-09,320.93,327.7,317.26,324.32,39640055.0,12856062637.6
GOOGL,2026-02-10,320.97,321.67,314.61,318.58,39170012.0,12478782422.96
GOOGL,2026-02-11,318.97,321.06,309.66,310.96,45406405.0,14119575698.8
GOOGL,2026-02-12,312.09,316.24,307.2,309.0,47761288.0,14758237992.0
GOOGL,2026-02-13,307.725,308.63,303.71,305.72,38499701.0,11770128589.720001
GOOGL,2026-02-17,300.04,304.435,296.25,302.02,39247556.0,11853546863.119999
GOOGL,2026-02-18,302.09,305.38,301.25,303.33,28482075.0,8639467809.75
GOOGL,2026-02-19,301.82,305.47,300.04,302.85,25834395.0,7823946525.750001
GOOGL,2026-02-20,304.32,316.5,303.9,314.98,53210820.0,16760344083.6
GOOGL,2026-02-23,319.045,319.515,309.865,311.49,31422974.242785,9787942246.8851
GOOGL,2026-02-24,310.515,312.27,305.93,310.9,25615646.349696,7963904450.120485
GOOGL,2026-02-25,312.06,313.64,309.44,312.9,29963621.892688,9375617290.222075
GOOGL,2026-02-26,312.64,313.14,302.345,307.38,36431231.916257,11198232066.419077
GOOGL,2026-02-27,304.135,312.37,303.8,311.76,44640640.733187,13917166154.978378
GOOGL,2026-03-02,303.225,308.49,301.3,306.52,34790203.894337,10663893297.692177
GOOGL,2026-03-03,298.59,303.94,296.71,303.58,35496961.444411,10776167555.29429
GOOGL,2026-03-04,302.89,305.47,300.75,303.13,29536190.587003,8953305452.63822
GOOGL,2026-03-05,303.035,303.3,297.99,300.88,35752321.356244,10757158449.666695
GOOGL,2026-03-06,296.09,300.53,295.18,298.52,25576916.464331,7635221102.93209
GOOGL,2026-03-09,294.36,306.8,294.08,306.36,29312149.232291,8980070038.804672
GOOGL,2026-03-10,306.17,309.51,305.5704,307.04,23239684.617415,7135512764.931102
GOOGL,2026-03-11,306.75,311.42,305.92,308.7,24125714.162745,7447607962.039381
GOOGL,2026-03-12,306.82,308.94,301.03,303.55,24928347.720894,7566999950.677375
GOOGL,2026-03-13,307.01,307.69,300.44,302.28,23693092.095705,7161947878.689707
GOOGL,2026-03-16,304.35,306.4886,303.0201,305.56,23519709.663776,7186682484.863395
GOOGL,2026-03-17,305.86,311.42,305.5,310.92,21955171.147186,6826301813.083072
GOOGL,2026-03-18,309.27,312.47,306.932,307.69,20009815.852546,6156820239.669878
GOOGL,2026-03-19,304.005,308.06,302.35,307.13,25075831.032934,7701539985.145019
GOOGL,2026-03-20,305.46,306.0,298.27,301.0,44364079.99225,13353588077.667252
GOOGL,2026-03-23,302.11,305.98,300.93,302.06,29326946.346765,8858497413.503836
GOOGL,2026-03-24,299.2,299.92,290.33,290.44,36864278.442276,10706861030.774641
GOOGL,2026-03-25,293.44,296.0,289.24,290.93,29460669.502456,8570992578.349524
GOOGL,2026-03-26,287.91,287.95,278.5,280.92,39080578.803188,10978516197.391575
GOOGL,2026-03-27,277.275,279.37,273.95,274.34,35890612.090519,9846230520.912983
GOOGL,2026-03-30,276.42,277.09,272.11,273.5,35141244.03758,9611130244.27813
GOOGL,2026-03-31,278.04,288.08,277.09,287.56,43875400.938566,12616810293.89404
GOOGL,2026-04-01,290.835,300.52,290.41,297.39,37684462.326364,11206982251.23739
GOOGL,2026-04-02,290.69,298.08,289.45,295.77,21666465.003928,6408290354.211783
GOOGL,2026-04-06,295.87,300.62,295.18,299.99,16945494.891526,5083479012.508884
GOOGL,2026-04-07,302.725,305.63,297.72,305.46,23205361.66066,7088309772.865203
GOOGL,2026-04-08,320.445,322.08,315.02,317.32,33547140.176568,10645178520.828558
GOOGL,2026-04-09,315.905,319.54,311.06,318.49,23739173.387537,7560689332.196659
GOOGL,2026-04-10,320.015,321.83,316.32,317.24,19152630.443341,6075980481.845498
GOOGL,2026-04-13,317.135,321.63,315.47,321.31,18866424.352151,6061970808.589638
GOOGL,2026-04-14,324.785,333.29,323.75,332.91,27721351.564771,9228715149.427914
GOOGL,2026-04-15,332.89,337.48,330.9,337.12,24918842.04914,8400640031.606076
GOOGL,2026-04-16,338.75,339.88,334.52,336.02,20541487.619144,6902350669.784766
GOOGL,2026-04-17,337.65,342.32,336.24,341.68,25581881.330712,8740817213.077677
GOOGL,2026-04-20,340.755,341.4,336.61,337.42,18784226.435882,6338173683.995304
GOOGL,2026-04-21,337.685,339.34,331.35,332.29,23123795.929034,7683806149.258708
GOOGL,2026-04-22,337.02,339.82,335.17,339.32,20293014.988829,6885825846.009457
GOOGL,2026-04-23,341.18,341.96,336.18,338.89,18650256.807928,6320385529.63872
GOOGL,2026-04-24,338.725,345.27,335.39,344.4,26426061.780479,9101135677.196966
GOOGL,2026-04-27,345.98,353.18,342.73,350.34,28576887.100886,10011626626.9244
GOOGL,2026-04-28,348.55,352.42,346.12,349.78,27824052.575559,9732297109.879026
GOOGL,2026-04-29,347.565,355.79,344.21,349.94,35376328.172288,12379592280.610462
GOOGL,2026-04-30,374.07,385.84,365.82,384.8,72039993.633818,27720989550.293167
AMZN,2025-01-02,222.03,225.15,218.19,220.22,33956579.0,7477917827.38
AMZN,2025-01-03,222.505,225.36,221.62,224.19,27515606.0,6168723709.14
AMZN,2025-01-06,226.78,228.835,224.84,227.61,31849831.0,7249340033.910001
AMZN,2025-01-07,227.9,228.381,221.46,222.11,28084164.0,6237773666.04
AMZN,2025-01-08,223.185,223.52,220.2,222.13,25033292.0,5560645151.96
AMZN,2025-01-10,221.46,221.71,216.5,218.94,36811525.0,8059515283.5
AMZN,2025-01-13,218.06,219.4,216.47,218.46,27262655.0,5955799611.3
AMZN,2025-01-14,220.44,221.82,216.2,217.76,24711650.0,5381208904.0
AMZN,2025-01-15,222.83,223.57,220.75,223.35,31291257.0,6988902250.95
AMZN,2025-01-16,224.42,224.65,220.31,220.66,24757276.0,5462940522.16
AMZN,2025-01-17,225.84,226.51,223.08,225.94,42370123.0,9573105590.62
AMZN,2025-01-21,228.9,231.78,226.94,230.71,39951456.0,9217200413.76
AMZN,2025-01-22,232.02,235.44,231.19,235.01,41448217.0,9740745477.17
AMZN,2025-01-23,234.1,235.52,231.51,235.42,26404364.0,6216115372.88
AMZN,2025-01-24,234.5,236.4,232.93,234.85,25890738.0,6080439819.3
AMZN,2025-01-27,226.21,235.61,225.86,235.42,49428332.0,11636417919.439999
AMZN,2025-01-28,234.29,241.77,233.98,238.15,41587188.0,9903988822.2
AMZN,2025-01-29,239.015,240.39,236.15,237.07,26091716.0,6185563112.12
AMZN,2025-01-30,237.14,237.95,232.22,234.64,32020728.0,7513343617.919999
AMZN,2025-01-31,236.5,240.29,236.41,237.68,36162377.0,8595073765.36
AMZN,2025-02-03,234.06,239.25,232.9,237.42,37285868.0,8852410780.56
AMZN,2025-02-04,239.01,242.52,238.03,242.06,29713812.0,7192525332.72
AMZN,2025-02-05,237.02,238.32,235.2,236.17,38832042.0,9170963359.14
AMZN,2025-02-06,238.01,239.6599,236.01,238.83,60897095.0,14544053198.85
AMZN,2025-02-07,232.5,234.81,228.06,229.15,77539276.0,17768125095.4
AMZN,2025-02-10,230.545,233.92,229.2,233.14,35419926.0,8257801547.639999
AMZN,2025-02-11,231.92,233.44,230.13,232.76,23713726.0,5519606863.76
AMZN,2025-02-12,230.46,231.18,228.16,228.93,32285249.0,7391062053.570001
AMZN,2025-02-13,228.85,230.42,227.52,230.37,31346512.0,7221295969.440001
AMZN,2025-02-14,229.2,229.89,227.23,228.68,27031084.0,6181468289.12
AMZN,2025-02-18,228.82,229.3,223.72,226.65,42975133.0,9740313894.45
AMZN,2025-02-19,225.52,226.83,223.71,226.63,28566709.0,6474073260.67
AMZN,2025-02-20,224.775,225.13,221.81,222.88,30001665.0,6686771095.2
AMZN,2025-02-21,223.28,223.31,214.74,216.58,55323850.0,11982039433.0
AMZN,2025-02-24,217.45,217.715,212.42,212.71,42387585.0,9016263205.35
AMZN,2025-02-25,211.63,213.34,204.16,212.8,58957977.0,12546257505.6
AMZN,2025-02-26,214.94,218.16,213.09,214.35,39120603.0,8385501253.05
AMZN,2025-02-27,218.35,219.97,208.37,208.74,40548571.0,8464108710.54
AMZN,2025-02-28,208.65,212.62,206.99,212.28,51771737.0,10990104330.36
AMZN,2025-03-03,213.352,214.01,202.55,205.02,42948447.0,8805290603.94
AMZN,2025-03-04,200.11,206.8,197.432,203.8,60853084.0,12401858519.2
AMZN,2025-03-05,204.8,209.98,203.26,208.36,38610085.0,8044797310.6
AMZN,2025-03-06,204.4,205.77,198.3015,200.7,49863755.0,10007655628.5
AMZN,2025-03-07,199.49,202.2653,192.53,199.25,59802821.0,11915712084.25
AMZN,2025-03-10,195.6,196.73,190.85,194.54,62350926.0,12129749144.039999
AMZN,2025-03-11,193.9,200.18,193.4,196.59,54002880.0,10616426179.2
AMZN,2025-03-12,200.72,201.52,195.29,198.89,43679284.0,8687372794.76
AMZN,2025-03-13,198.165,198.8799,191.82,193.89,41270761.0,8001987850.289999
AMZN,2025-03-14,197.41,198.65,195.32,197.95,38096663.0,7541234440.849999
AMZN,2025-03-17,198.77,199.0,194.3247,195.74,47341752.0,9266674536.48
AMZN,2025-03-18,192.52,194.0,189.38,192.82,40414867.0,7792794654.94
AMZN,2025-03-19,193.38,195.965,191.96,195.54,39442878.0,7712660364.12
AMZN,2025-03-20,193.07,199.32,192.3,194.95,38921113.0,7587670979.349999
AMZN,2025-03-21,192.9,196.99,192.52,196.21,60056917.0,11783767684.57
AMZN,2025-03-24,200.0,203.64,199.95,203.26,41625365.0,8460771689.9
AMZN,2025-03-25,203.595,206.21,203.22,205.71,31171161.0,6412219529.31
AMZN,2025-03-26,205.835,206.01,199.925,201.13,32990973.0,6635474399.49
AMZN,2025-03-27,200.89,203.79,199.2821,201.36,27317661.0,5500684218.96
AMZN,2025-03-28,198.42,199.26,191.881,192.72,52548226.0,10127094114.72
AMZN,2025-03-31,188.19,191.33,184.4,190.26,63547558.0,12090558385.08
AMZN,2025-04-01,187.86,193.93,187.2,192.17,41267315.0,7930339923.549999
AMZN,2025-04-02,187.66,198.34,187.66,196.01,53679198.0,10521659599.98
AMZN,2025-04-03,182.995,184.13,176.92,178.41,95553617.0,17047720808.97
AMZN,2025-04-04,167.145,178.1436,166.0,171.0,123159359.0,21060250389.0
AMZN,2025-04-07,162.0,183.4099,161.38,175.26,109327115.0,19160670174.899998
AMZN,2025-04-08,185.23,185.9,168.57,170.66,87710360.0,14968650037.6
AMZN,2025-04-09,172.115,192.65,169.93,191.1,116804328.0,22321307080.8
AMZN,2025-04-10,185.44,186.8692,175.8518,181.22,68302045.0,12377696594.9
AMZN,2025-04-11,179.93,185.86,178.0,184.87,50594339.0,9353375450.93
AMZN,2025-04-14,186.84,187.44,179.23,182.12,48002540.0,8742222584.800001
AMZN,2025-04-15,181.41,182.35,177.9331,179.59,43641952.0,7837658159.68
AMZN,2025-04-16,176.29,179.1046,171.41,174.33,51875316.0,9043423838.28
AMZN,2025-04-17,176.0,176.21,172.0,172.61,44726453.0,7720233052.330001
AMZN,2025-04-21,169.6,169.6,165.285,167.32,48126111.0,8052460892.5199995
AMZN,2025-04-22,169.845,176.78,169.35,173.18,56607202.0,9803235242.36
AMZN,2025-04-23,183.45,187.38,180.19,180.6,63470149.0,11462708909.4
AMZN,2025-04-24,180.915,186.74,180.18,186.54,43763196.0,8163586581.839999
AMZN,2025-04-25,187.62,189.94,185.49,188.99,36414330.0,6881944226.700001
AMZN,2025-04-28,190.105,190.22,184.885,187.7,33224732.0,6236282196.4
AMZN,2025-04-29,183.99,188.0158,183.68,187.39,41667255.0,7808026914.45
AMZN,2025-04-30,182.17,185.05,178.85,184.42,55176543.0,10175658060.06
AMZN,2025-05-01,190.63,191.8071,187.5,190.2,74265963.0,14125386162.599998
AMZN,2025-05-02,191.435,192.88,186.4,189.98,77903487.0,14800104460.259998
AMZN,2025-05-05,186.51,188.18,185.53,186.35,35217469.0,6562775348.15
AMZN,2025-05-06,184.57,187.93,183.85,185.01,29314055.0,5423393315.55
AMZN,2025-05-07,185.56,190.99,185.01,188.71,44002926.0,8303792165.46
AMZN,2025-05-08,191.43,194.33,188.82,192.08,41043620.0,7883658529.6
AMZN,2025-05-09,193.375,194.69,191.16,193.06,29663143.0,5726766387.58
AMZN,2025-05-12,210.71,211.66,205.75,208.64,75205042.0,15690779962.88
AMZN,2025-05-13,211.08,214.84,210.1,211.37,56193682.0,11877658564.34
AMZN,2025-05-14,211.45,211.93,208.85,210.25,38492128.0,8092969912.0
AMZN,2025-05-15,206.45,206.88,202.673,205.17,64347317.0,13202139028.89
AMZN,2025-05-16,206.85,206.85,204.374,205.59,43318478.0,8905845892.02
AMZN,2025-05-19,201.645,206.62,201.26,206.16,34314810.0,7074341229.599999
AMZN,2025-05-20,204.628,205.5899,202.65,204.07,29470373.0,6014019018.11
AMZN,2025-05-21,201.61,203.455,200.06,201.12,42460924.0,8539741034.88
AMZN,2025-05-22,201.38,205.76,200.16,203.1,38938882.0,7908486934.2
AMZN,2025-05-23,198.9,202.37,197.85,200.99,33393545.0,6711768609.55
AMZN,2025-05-27,203.085,206.69,202.19,206.02,34892044.0,7188458904.88
AMZN,2025-05-28,205.915,207.66,204.41,204.72,28549753.0,5844705434.16
AMZN,2025-05-29,208.025,208.81,204.23,205.7,34700005.0,7137791028.5
AMZN,2025-05-30,204.84,205.99,201.695,205.01,51679406.0,10594795024.06
AMZN,2025-06-02,204.98,207.0,202.68,206.65,29113319.0,6016267371.35
AMZN,2025-06-03,207.105,208.9469,205.03,205.71,33139121.0,6817048580.91
AMZN,2025-06-04,206.55,208.18,205.18,207.23,29915592.0,6199408130.16
AMZN,2025-06-05,209.55,212.81,207.56,207.91,51979243.0,10807004412.13
AMZN,2025-06-06,212.4,213.8699,210.5,213.57,39832500.0,8507027025.0
AMZN,2025-06-09,214.75,217.85,212.88,216.98,38102502.0,8267480883.96
AMZN,2025-06-10,216.78,217.69,214.15,217.61,31303317.0,6811914812.370001
AMZN,2025-06-11,217.41,218.4,212.89,213.2,39325981.0,8384299149.2
AMZN,2025-06-12,211.78,213.58,211.33,213.24,27639991.0,5893951680.84
AMZN,2025-06-13,209.96,214.05,209.62,212.1,29337763.0,6222539532.3
AMZN,2025-06-16,212.31,217.06,211.6,216.1,33284158.0,7192706543.8
AMZN,2025-06-17,215.195,217.41,214.56,214.82,32086262.0,6892770802.84
AMZN,2025-06-18,215.09,217.96,212.34,212.52,44360509.0,9427495372.68
AMZN,2025-06-20,214.68,214.89,208.2709,209.69,75350733.0,15800295202.77
AMZN,2025-06-23,209.79,210.39,207.3101,208.47,37311725.0,7778375310.75
AMZN,2025-06-24,212.135,214.34,211.045,212.77,38378757.0,8165848126.89
AMZN,2025-06-25,214.615,216.03,211.11,211.99,31755698.0,6731890419.02
AMZN,2025-06-26,213.12,218.035,212.01,217.12,50480814.0,10960394335.68
AMZN,2025-06-27,219.92,223.3,216.74,223.3,119217138.0,26621186915.4
AMZN,2025-06-30,223.52,223.82,219.12,219.39,58887780.0,12919390054.199999
AMZN,2025-07-01,219.5,221.875,217.93,220.46,39256830.0,8654560741.800001
AMZN,2025-07-02,219.73,221.6,219.06,219.92,30894178.0,6794247625.759999
AMZN,2025-07-03,221.82,224.01,221.36,223.41,29632353.0,6620163983.73
AMZN,2025-07-07,223.0,224.29,222.37,223.47,36604139.0,8179926942.33
AMZN,2025-07-08,223.915,224.0,218.43,219.36,45691987.0,10022994268.32
AMZN,2025-07-09,221.07,224.29,220.47,222.54,38155121.0,8491040627.34
AMZN,2025-07-10,221.55,222.79,219.7,222.26,30370591.0,6750167555.66
AMZN,2025-07-11,223.58,226.6799,222.37,225.02,50518307.0,11367629441.140001
AMZN,2025-07-14,225.07,226.66,224.24,225.69,35702597.0,8057719116.93
AMZN,2025-07-15,226.2,227.27,225.455,226.35,34907294.0,7901265996.9
AMZN,2025-07-16,225.875,226.1,222.18,223.19,39535926.0,8824023323.94
AMZN,2025-07-17,223.32,224.5,222.51,223.88,31855831.0,7131883444.28
AMZN,2025-07-18,225.14,226.4,222.98,226.13,37833807.0,8555358776.91
AMZN,2025-07-21,225.835,229.69,225.65,229.3,40297556.0,9240229590.800001
AMZN,2025-07-22,229.68,230.0,226.35,227.47,37483702.0,8526417693.94
AMZN,2025-07-23,228.47,228.79,227.09,228.29,28294852.0,6459431763.08
AMZN,2025-07-24,229.17,236.0,228.64,232.23,42902266.0,9963193233.18
AMZN,2025-07-25,232.22,232.48,231.18,231.44,28712095.0,6645127266.8
AMZN,2025-07-28,233.35,234.29,232.25,232.79,26300138.0,6122409125.0199995
AMZN,2025-07-29,234.15,234.72,230.31,231.01,33716220.0,7788783982.2
AMZN,2025-07-30,231.64,231.8,229.29,230.19,32993273.0,7594721511.87
AMZN,2025-07-31,235.77,236.53,231.4,234.11,104357263.0,24431078840.93
AMZN,2025-08-01,217.21,220.4399,212.8,214.75,122258801.0,26255077514.75
AMZN,2025-08-04,217.4,217.44,211.42,211.65,77890146.0,16485449400.9
AMZN,2025-08-05,213.05,216.3,212.87,213.75,51505121.0,11009219613.75
AMZN,2025-08-06,214.695,222.65,213.7409,222.31,54823045.0,12187711133.95
AMZN,2025-08-07,221.0,226.22,220.82,223.13,40603513.0,9059861855.69
AMZN,2025-08-08,223.14,223.8,221.8836,222.69,32970477.0,7342195523.13
AMZN,2025-08-11,221.78,223.05,220.4,221.3,31646222.0,7003308928.6
AMZN,2025-08-12,222.23,223.5,219.05,221.47,37254707.0,8250799959.29
AMZN,2025-08-13,222.0,224.9185,222.0,224.56,36508335.0,8198311707.6
AMZN,2025-08-14,227.4,233.11,227.02,230.98,61545824.0,14215854427.519999
AMZN,2025-08-15,232.58,234.08,229.807,231.03,39649244.0,9160164841.32
AMZN,2025-08-18,230.225,231.91,228.33,231.49,25248890.0,5844865546.1
AMZN,2025-08-19,230.09,230.5283,227.12,228.01,29891012.0,6815449646.12
AMZN,2025-08-20,227.12,227.27,220.915,223.81,36604319.0,8192412635.39
AMZN,2025-08-21,222.65,222.78,220.5,221.95,32140459.0,7133574875.049999
AMZN,2025-08-22,222.79,229.14,220.82,228.84,37315341.0,8539242634.440001
AMZN,2025-08-25,227.35,229.6,227.31,227.94,22633695.0,5159124438.3
AMZN,2025-08-26,227.11,229.0,226.02,228.71,26105373.0,5970559858.83
AMZN,2025-08-27,228.57,229.87,227.81,229.12,21254479.0,4869826228.4800005
AMZN,2025-08-28,229.005,232.71,228.02,231.6,33679585.0,7800191886.0
AMZN,2025-08-29,231.32,231.8125,228.16,229.0,26199170.0,5999609930.0
AMZN,2025-09-02,223.52,226.17,221.83,225.34,38843883.0,8753080595.22
AMZN,2025-09-03,225.21,227.1699,224.36,225.99,29223134.0,6604136052.66
AMZN,2025-09-04,231.185,235.77,230.78,235.68,59391779.0,13997454474.720001
AMZN,2025-09-05,235.19,236.0,231.93,232.33,36721802.0,8531576258.660001
AMZN,2025-09-08,234.94,237.6,233.75,235.84,33947104.0,8006085007.36
AMZN,2025-09-09,236.355,238.85,235.08,238.24,27033778.0,6440527270.72
AMZN,2025-09-10,237.515,237.68,229.0962,230.33,60907714.0,14028873765.62
AMZN,2025-09-11,231.49,231.53,229.3377,229.95,37485598.0,8619813260.1
AMZN,2025-09-12,230.35,230.79,226.29,228.15,38496218.0,8782912136.7
AMZN,2025-09-15,230.625,233.73,230.32,231.43,33243328.0,7693503399.04
AMZN,2025-09-16,232.935,235.9,232.23,234.05,38203912.0,8941625603.6
AMZN,2025-09-17,233.77,234.3,228.71,231.62,42815230.0,9916863572.6
AMZN,2025-09-18,232.5,233.48,228.79,231.23,37931738.0,8770955777.74
AMZN,2025-09-19,232.37,234.16,229.7,231.48,97943172.0,22671885454.559998
AMZN,2025-09-22,230.56,230.565,227.51,227.63,45914506.0,10451519000.78
AMZN,2025-09-23,227.83,227.86,220.07,220.71,70956193.0,15660741357.03
AMZN,2025-09-24,224.15,224.56,219.45,220.21,49509033.0,10902384156.93
AMZN,2025-09-25,220.06,220.67,216.47,218.15,52226328.0,11393173453.2
AMZN,2025-09-26,219.08,221.05,218.02,219.78,41650098.0,9153858538.44
AMZN,2025-09-29,220.08,222.6,219.3,222.17,44259177.0,9833061354.09
AMZN,2025-09-30,222.03,222.24,217.89,219.57,48396369.0,10626390741.33
AMZN,2025-10-01,217.36,222.15,216.61,220.63,43933834.0,9693121795.42
AMZN,2025-10-02,221.01,222.81,218.945,222.41,41258586.0,9176322112.26
AMZN,2025-10-03,223.44,224.2,219.34,219.51,43639033.0,9579204133.83
AMZN,2025-10-06,221.0,221.73,216.03,220.9,43690876.0,9651314508.4
AMZN,2025-10-07,220.88,222.89,220.17,221.78,31194678.0,6918355686.84
AMZN,2025-10-08,222.92,226.73,221.19,225.22,46685985.0,10514617541.7
AMZN,2025-10-09,224.995,228.21,221.75,227.74,46412122.0,10569896664.28
AMZN,2025-10-10,226.21,228.25,216.0,216.37,72367511.0,15658158355.07
AMZN,2025-10-13,217.7,220.68,217.04,220.07,37809650.0,8320769675.5
AMZN,2025-10-14,215.555,219.32,212.6,216.39,45665580.0,9881574856.199999
AMZN,2025-10-15,216.62,217.71,212.66,215.57,45909469.0,9896704232.33
AMZN,2025-10-16,215.67,218.59,212.8101,214.47,42414591.0,9096657331.77
AMZN,2025-10-17,214.56,214.8,211.03,213.04,45986944.0,9797058549.76
AMZN,2025-10-20,213.88,216.69,213.59,216.48,38882819.0,8417352657.12
AMZN,2025-10-21,218.43,223.32,217.99,222.03,50494565.0,11211308266.95
AMZN,2025-10-22,219.3,220.005,216.52,217.95,44308538.0,9657045857.1
AMZN,2025-10-23,219.0,221.3,218.18,221.09,31539999.0,6973178378.91
AMZN,2025-10-24,221.97,225.4,221.9,224.21,38685053.0,8673575733.130001
AMZN,2025-10-27,227.66,228.4,225.54,226.97,38266995.0,8685459855.15
AMZN,2025-10-28,228.215,231.485,226.21,229.25,47100026.0,10797680960.5
AMZN,2025-10-29,231.672,232.82,227.76,230.3,52036151.0,11983925575.300001
AMZN,2025-10-30,227.06,228.44,222.75,222.86,102252937.0,22788089539.82
AMZN,2025-10-31,250.1,250.5,243.98,244.22,166340808.0,40623752129.76
AMZN,2025-11-03,255.36,258.6,252.9,254.0,95997816.0,24383445264.0
AMZN,2025-11-04,250.38,257.01,248.66,249.32,51546311.0,12851526258.52
AMZN,2025-11-05,249.03,251.0,246.16,250.2,40610702.0,10160797640.4
AMZN,2025-11-06,249.155,250.38,242.17,243.04,46004203.0,11180861497.119999
AMZN,2025-11-07,242.9,244.9,238.49,244.41,46374294.0,11334341196.539999
AMZN,2025-11-10,248.34,251.75,245.59,248.4,36476514.0,9060766077.6
AMZN,2025-11-11,248.41,249.7499,247.23,249.1,23564060.0,5869807346.0
AMZN,2025-11-12,250.235,250.37,243.75,244.2,31190063.0,7616613384.599999
AMZN,2025-11-13,243.05,243.75,236.5,237.58,41401738.0,9836224914.04
AMZN,2025-11-14,235.06,238.73,232.89,234.69,38956669.0,9142740647.61
AMZN,2025-11-17,233.25,234.6,229.19,232.87,59919018.0,13953341721.66
AMZN,2025-11-18,228.1,230.2,222.42,222.55,60608442.0,13488408767.1
AMZN,2025-11-19,223.735,223.735,218.52,222.69,58335643.0,12990764339.67
AMZN,2025-11-20,227.05,227.41,216.74,217.14,50308962.0,10924088008.679998
AMZN,2025-11-21,216.345,222.21,215.18,220.69,68490464.0,15115160500.16
AMZN,2025-11-24,222.555,227.33,222.27,226.28,54318395.0,12291166420.6
AMZN,2025-11-25,226.38,230.52,223.8,229.67,39379339.0,9044252788.13
AMZN,2025-11-26,230.74,231.7474,228.77,229.16,38497922.0,8822183805.52
AMZN,2025-11-28,231.24,233.285,230.22,233.22,20292329.0,4732576969.38
AMZN,2025-12-01,233.22,235.797,232.25,233.88,42903954.0,10034376761.52
AMZN,2025-12-02,235.005,238.97,233.55,234.42,45785363.0,10733004794.46
AMZN,2025-12-03,233.35,233.38,230.61,232.38,35495058.0,8248341578.04
AMZN,2025-12-04,232.77,233.5,226.8,229.11,45683224.0,10466483450.640001
AMZN,2025-12-05,230.32,231.24,228.547,229.53,33117377.0,7601431542.81
AMZN,2025-12-08,229.59,230.83,226.27,226.89,35019174.0,7945500388.86
AMZN,2025-12-09,226.84,228.57,225.11,227.92,25841743.0,5889850064.559999
AMZN,2025-12-10,228.805,232.42,228.46,231.78,38790736.0,8990916790.08
AMZN,2025-12-11,230.71,232.11,228.6901,230.28,28249599.0,6505317657.72
AMZN,2025-12-12,229.87,230.08,225.12,226.19,35639118.0,8061212100.42
AMZN,2025-12-15,227.93,227.93,221.5,222.54,47286085.0,10523045355.9
AMZN,2025-12-16,223.035,223.66,221.1304,222.56,39298857.0,8746353613.92
AMZN,2025-12-17,224.655,225.19,220.99,221.27,44034418.0,9743495670.86
AMZN,2025-12-18,225.705,229.225,224.41,226.76,50272419.0,11399773732.439999
AMZN,2025-12-19,226.76,229.125,225.58,227.35,85544374.0,19448513428.899998
AMZN,2025-12-22,228.61,229.48,226.71,228.43,32261329.0,7369455383.47
AMZN,2025-12-23,229.055,232.445,228.73,232.14,29230233.0,6785506288.62
AMZN,2025-12-24,232.13,232.95,231.33,232.38,11420543.0,2653905782.34
AMZN,2025-12-26,232.035,232.99,231.18,232.52,15994726.0,3719093689.52
AMZN,2025-12-29,231.94,232.6,230.77,232.07,19797909.0,4594500741.63
AMZN,2025-12-30,231.205,232.77,230.2,232.53,21910453.0,5094837636.09
AMZN,2025-12-31,232.905,232.99,230.12,230.82,24383749.0,5628256944.18
AMZN,2026-01-02,231.34,235.458,224.7,226.5,51456229.0,11654835868.5
AMZN,2026-01-05,228.84,234.0,227.18,233.06,49733348.0,11590854084.88
AMZN,2026-01-06,232.1,243.18,232.07,240.93,53764677.0,12953523629.61
AMZN,2026-01-07,239.61,245.29,239.52,241.56,42236531.0,10202656428.36
AMZN,2026-01-08,243.06,246.41,241.88,246.29,39509844.0,9730879478.76
AMZN,2026-01-09,244.568,247.86,242.24,247.38,34559961.0,8549443152.18
AMZN,2026-01-12,246.73,248.94,245.96,246.47,35867770.0,8840329271.9
AMZN,2026-01-13,246.53,247.66,240.25,242.6,38371778.0,9308993342.8
AMZN,2026-01-14,241.15,241.28,236.22,236.65,41410578.0,9799813283.7
AMZN,2026-01-15,239.31,240.65,236.63,238.18,43003571.0,10242590540.78
AMZN,2026-01-16,239.085,239.57,236.41,239.12,45888283.0,10972806230.960001
AMZN,2026-01-20,233.76,235.09,229.34,231.0,47737854.0,11027444274.0
AMZN,2026-01-21,231.085,232.3,226.88,231.31,47276090.0,10935432377.9
AMZN,2026-01-22,234.045,235.72,230.9,234.34,31913325.0,7478568580.5
AMZN,2026-01-23,234.955,240.45,234.57,239.16,33778478.0,8078460798.48
AMZN,2026-01-26,239.98,240.95,237.54,238.42,32825530.0,7826262862.599999
AMZN,2026-01-27,239.685,244.88,238.08,244.68,38029216.0,9304988570.880001
AMZN,2026-01-28,246.365,247.775,241.53,243.01,40882657.0,9934894477.57
AMZN,2026-01-29,242.82,243.0,236.742,241.73,47229643.0,11416821602.39
AMZN,2026-01-30,239.89,243.315,237.64,239.3,46585024.0,11147796243.2
AMZN,2026-02-02,238.31,245.6299,238.17,242.96,37546102.0,9122200941.92
AMZN,2026-02-03,244.975,246.35,235.45,238.62,53831298.0,12845224328.76
AMZN,2026-02-04,238.86,238.86,231.82,232.99,51299947.0,11952374651.53
AMZN,2026-02-05,224.91,226.31,220.38,222.69,103509230.0,23050470428.7
AMZN,2026-02-06,202.7,211.44,200.31,210.32,179210851.0,37691626182.32
AMZN,2026-02-09,208.97,212.81,203.35,208.72,91178443.0,19030764622.96
AMZN,2026-02-10,208.795,212.6499,206.411,206.96,67175031.0,13902544415.76
AMZN,2026-02-11,208.06,208.57,202.49,204.08,65545455.0,13376516456.400002
AMZN,2026-02-12,203.96,203.96,197.56,199.6,83975393.0,16761488442.8
AMZN,2026-02-13,198.88,201.16,197.275,198.79,66321593.0,13184069472.47
AMZN,2026-02-17,198.125,201.7362,196.0,201.15,69879200.0,14056201080.0
AMZN,2026-02-18,202.07,206.86,201.51,204.79,51003299.0,10444965602.21
AMZN,2026-02-19,203.8,205.6396,202.81,204.86,35669611.0,7307276509.46
AMZN,2026-02-20,204.76,211.17,203.75,210.11,65881611.0,13842385287.210001
AMZN,2026-02-23,208.095,208.43,203.11,205.27,53581508.905566,10998676333.045534
AMZN,2026-02-24,205.47,210.36,203.25,208.56,41137162.535434,8579566618.390115
AMZN,2026-02-25,210.46,211.59,208.93,210.64,41346376.32787,8709200709.702536
AMZN,2026-02-26,210.73,211.05,205.345,207.92,47756765.609998,9929586705.630785
AMZN,2026-02-27,206.83,210.33,205.2,210.0,57422777.700931,12058783317.195509
AMZN,2026-03-02,204.55,209.73,203.46,208.39,46001010.610134,9586150601.045824
AMZN,2026-03-03,203.1,209.178,202.48,208.73,43184918.134086,9013987962.12777
AMZN,2026-03-04,210.47,217.54,210.15,216.82,54731101.369208,11866797398.871677
AMZN,2026-03-05,215.98,220.47,215.59,218.94,60943447.862852,13342958475.092817
AMZN,2026-03-06,214.99,217.32,212.53,213.21,51152716.498854,10906270684.720661
AMZN,2026-03-09,210.45,213.82,207.11,213.49,54642926.515492,11665718381.792387
AMZN,2026-03-10,214.19,215.65,212.43,214.33,35678834.821992,7647044667.397547
AMZN,2026-03-11,215.705,217.0,211.35,212.65,34199303.418728,7272481871.99251
AMZN,2026-03-12,210.39,211.71,208.15,209.53,44349501.78119,9292551108.21274
AMZN,2026-03-13,209.605,210.56,206.22,207.67,35662137.270776,7405956047.022052
AMZN,2026-03-16,208.35,212.724,207.445,211.74,42209316.037207,8937400577.71821
AMZN,2026-03-17,212.82,215.7,212.43,215.2,44969943.918587,9677531931.279922
AMZN,2026-03-18,213.925,215.1401,208.825,209.87,37846642.375375,7942874835.319952
AMZN,2026-03-19,207.06,209.12,206.05,208.76,36440622.169793,7607344284.165987
AMZN,2026-03-20,207.4,207.54,204.316,205.37,63694603.543431,13080960729.714424
AMZN,2026-03-23,209.79,212.8,209.51,210.14,44277356.607696,9304443717.541237
AMZN,2026-03-24,207.95,209.35,206.64,207.24,35351425.229604,7326229364.583133
AMZN,2026-03-25,211.56,213.07,209.9,211.71,36388791.297124,7703871005.514122
AMZN,2026-03-26,210.61,212.885,207.12,207.54,46745978.698851,9701660419.159536
AMZN,2026-03-27,206.455,206.6,199.14,199.34,56009763.996525,11164986355.067293
AMZN,2026-03-30,201.48,203.8,199.9802,200.95,46373797.086344,9318814524.500828
AMZN,2026-03-31,204.845,210.28,204.14,208.27,58470078.958599,12177563344.707415
AMZN,2026-04-01,210.435,213.58,208.19,210.57,45955395.634078,9676827658.667805
AMZN,2026-04-02,206.54,212.2125,204.9,209.77,31453039.744839,6597904147.274878
AMZN,2026-04-06,209.795,212.95,209.59,212.79,25385495.849135,5401779661.737436
AMZN,2026-04-07,211.24,213.97,209.075,213.77,28154557.551471,6018599767.777956
AMZN,2026-04-08,223.79,226.1,219.62,221.25,51092698.343549,11304259508.510216
AMZN,2026-04-09,225.232,233.8,223.27,233.65,65964171.556715,15412528684.22646
AMZN,2026-04-10,235.295,240.43,235.21,238.38,56912842.375637,13566883365.504349
AMZN,2026-04-13,237.45,240.0,235.75,239.89,42166150.601461,10115237867.78448
AMZN,2026-04-14,241.78,252.18,241.78,249.02,72685026.849767,18100025386.12898
AMZN,2026-04-15,249.25,250.44,247.2,248.5,43045160.172613,10696722302.894331
AMZN,2026-04-16,248.51,250.0,244.2,249.7,41895711.391067,10461359134.349428
AMZN,2026-04-17,254.985,256.18,250.11,250.56,52029291.222224,13036459208.640446
AMZN,2026-04-20,249.19,250.18,245.365,248.28,39463106.767796,9797900148.308392
AMZN,2026-04-21,255.09,255.09,249.1,249.91,42922398.579014,10726736628.88139
AMZN,2026-04-22,252.44,255.94,250.33,255.36,36065067.564326,9209575653.226288
AMZN,2026-04-23,255.39,258.79,253.07,255.08,39091394.412786,9971432886.813454
AMZN,2026-04-24,259.98,264.5,257.685,263.99,53777353.325457,14196683504.387394
AMZN,2026-04-27,263.46,264.15,260.34,261.12,44906840.425985,11726074172.033203
AMZN,2026-04-28,258.39,261.03,256.63,259.7,42204447.805155,10960495094.998753
AMZN,2026-04-29,257.99,265.91,257.7,263.04,72367910.800264,19035655256.901443
AMZN,2026-04-30,273.17,273.88,256.16,265.06,100974867.812539,26764398462.391586
SPY_S&P500,2025-01-02,589.39,591.13,580.5,584.64,50203975.0,29351251944.0
SPY_S&P500,2025-01-03,587.53,592.6,586.43,591.95,37888459.0,22428073305.050003
SPY_S&P500,2025-01-06,596.27,599.7,593.6,595.36,47679442.0,28386432589.12
SPY_S&P500,2025-01-07,597.42,597.75,586.78,588.63,60393052.0,35549162198.76
SPY_S&P500,2025-01-08,588.7,590.5799,585.195,589.49,47304672.0,27885631097.28
SPY_S&P500,2025-01-10,585.88,585.95,578.55,580.49,73105046.0,42436748152.54
SPY_S&P500,2025-01-13,575.77,581.75,575.35,581.39,47910060.0,27854429783.399998
SPY_S&P500,2025-01-14,584.36,585.0,578.35,582.19,48420580.0,28189977470.2
SPY_S&P500,2025-01-15,590.325,593.94,589.195,592.78,56900159.0,33729276252.019997
SPY_S&P500,2025-01-16,594.175,594.35,590.93,591.64,43319662.0,25629644825.68
SPY_S&P500,2025-01-17,596.96,599.36,595.61,597.58,58070628.0,34701845880.240005
SPY_S&P500,2025-01-21,600.67,603.06,598.67,603.05,42532853.0,25649437001.649998
SPY_S&P500,2025-01-22,605.92,607.82,605.36,606.44,48195973.0,29227965866.120003
SPY_S&P500,2025-01-23,605.8,609.75,605.52,609.75,41152102.0,25092494194.5
SPY_S&P500,2025-01-24,609.81,610.78,606.8,607.97,34604693.0,21038615203.21
SPY_S&P500,2025-01-27,594.81,599.69,594.64,599.37,70361125.0,42172347491.25
SPY_S&P500,2025-01-28,600.62,605.37,597.25,604.52,44433322.0,26860831815.44
SPY_S&P500,2025-01-29,603.72,604.13,599.22,601.81,37177429.0,22373748546.489998
SPY_S&P500,2025-01-30,603.96,606.6,600.715,605.04,39281255.0,23766730525.199997
SPY_S&P500,2025-01-31,607.5,609.96,601.05,601.82,66671471.0,40124224677.22
SPY_S&P500,2025-02-03,592.67,600.29,590.49,597.77,65857248.0,39367487136.96
SPY_S&P500,2025-02-04,597.83,602.3,597.28,601.78,33457815.0,20134243910.7
SPY_S&P500,2025-02-05,600.64,604.37,598.58,604.22,30653149.0,18521245688.780003
SPY_S&P500,2025-02-06,605.99,606.4525,602.63,606.32,35771503.0,21688977698.960003
SPY_S&P500,2025-02-07,606.89,608.13,600.05,600.77,50788516.0,30512216757.32
SPY_S&P500,2025-02-10,604.03,605.4999,602.74,604.85,26048714.0,15755564662.900002
SPY_S&P500,2025-02-11,602.55,605.86,602.43,605.31,30056740.0,18193645289.399998
SPY_S&P500,2025-02-12,599.2,604.55,598.51,603.36,45076076.0,27197101215.36
SPY_S&P500,2025-02-13,604.48,609.94,603.2,609.73,40921297.0,24950942419.81
SPY_S&P500,2025-02-14,609.94,610.99,609.07,609.7,26910448.0,16407300145.6
SPY_S&P500,2025-02-18,610.88,611.49,608.38,611.49,26749030.0,16356764354.7
SPY_S&P500,2025-02-19,610.08,613.23,609.56,612.93,31011072.0,19007616360.96
SPY_S&P500,2025-02-20,611.54,611.684,607.02,610.38,36554002.0,22311831740.76
SPY_S&P500,2025-02-21,610.16,610.3,599.47,599.94,76519818.0,45907299610.920006
SPY_S&P500,2025-02-24,602.02,603.03,596.49,597.21,50737213.0,30300770975.730003
SPY_S&P500,2025-02-25,597.15,597.89,589.56,594.24,58266472.0,34624268321.28
SPY_S&P500,2025-02-26,595.93,599.58,591.8556,594.54,43321578.0,25756410984.12
SPY_S&P500,2025-02-27,596.85,598.02,584.65,585.05,74196664.0,43408758273.2
SPY_S&P500,2025-02-28,585.56,594.72,582.44,594.18,88744106.0,52729972903.079994
SPY_S&P500,2025-03-03,596.18,597.34,579.9,583.77,74249199.0,43344454900.229996
SPY_S&P500,2025-03-04,579.71,585.39,572.25,576.86,109648212.0,63251667574.32
SPY_S&P500,2025-03-05,576.69,584.88,573.0795,583.06,71230528.0,41531671655.67999
SPY_S&P500,2025-03-06,575.48,580.1736,570.12,572.71,80094868.0,45871131852.28001
SPY_S&P500,2025-03-07,570.9,577.39,565.63,575.92,81158816.0,46740985310.71999
SPY_S&P500,2025-03-10,567.59,569.54,555.59,560.58,99326624.0,55680518881.920006
SPY_S&P500,2025-03-11,559.4,564.02,552.02,555.92,88102109.0,48977724435.28
SPY_S&P500,2025-03-12,562.17,563.11,553.69,558.87,69588167.0,38890738891.29
SPY_S&P500,2025-03-13,558.49,559.105,549.68,551.42,74079414.0,40848870467.88
SPY_S&P500,2025-03-14,556.11,563.83,551.4917,562.81,62660321.0,35265855262.009995
SPY_S&P500,2025-03-17,562.79,569.71,562.35,567.15,49008709.0,27795289309.35
SPY_S&P500,2025-03-18,564.8,565.02,559.06,561.02,66041422.0,37050558570.44
SPY_S&P500,2025-03-19,562.83,570.95,561.63,567.13,66555985.0,37745895773.05
SPY_S&P500,2025-03-20,563.33,570.57,562.6012,565.49,62958195.0,35602229690.55
SPY_S&P500,2025-03-21,559.28,564.89,558.03,563.98,83762964.0,47240636436.72
SPY_S&P500,2025-03-24,570.8,575.15,570.2,574.08,58766795.0,33736841673.600002
SPY_S&P500,2025-03-25,575.3,576.41,573.69,575.46,38355735.0,22072191263.100002
SPY_S&P500,2025-03-26,575.19,576.33,567.19,568.59,52228898.0,29696829113.820004
SPY_S&P500,2025-03-27,567.18,570.9,564.94,567.08,42164248.0,23910501755.84
SPY_S&P500,2025-03-28,565.53,566.2675,555.07,555.66,71662653.0,39820069765.979996
SPY_S&P500,2025-03-31,549.83,560.7112,546.87,559.39,95328213.0,53325649070.07
SPY_S&P500,2025-04-01,557.45,562.94,553.68,560.97,54609641.0,30634370311.77
SPY_S&P500,2025-04-02,555.05,567.42,554.81,564.52,76014544.0,42911730378.88
SPY_S&P500,2025-04-03,545.11,547.97,536.7,536.7,125985998.0,67616685126.600006
SPY_S&P500,2025-04-04,523.67,525.87,505.06,505.28,217965131.0,110133421391.68
SPY_S&P500,2025-04-07,489.19,523.17,481.8,504.38,256611355.0,129429635234.9
SPY_S&P500,2025-04-08,521.86,524.98,489.16,496.48,165816581.0,82324616134.88
SPY_S&P500,2025-04-09,493.44,548.62,493.05,548.62,241867317.0,132693247452.54001
SPY_S&P500,2025-04-10,532.17,533.495,509.32,524.58,162331225.0,85155714010.5
SPY_S&P500,2025-04-11,523.01,536.43,520.07,533.94,97866334.0,52254750375.96001
SPY_S&P500,2025-04-14,544.05,544.28,533.86,539.12,68033993.0,36678486306.16
SPY_S&P500,2025-04-15,539.675,543.23,536.81,537.61,56892874.0,30586177991.14
SPY_S&P500,2025-04-16,531.68,537.8854,520.29,525.66,83484814.0,43884627327.24
SPY_S&P500,2025-04-17,527.64,531.165,523.91,526.41,79868083.0,42043357572.03
SPY_S&P500,2025-04-21,521.16,521.7,508.46,513.88,69368129.0,35646894130.52
SPY_S&P500,2025-04-22,520.14,529.305,519.1925,527.25,75948117.0,40043644688.25
SPY_S&P500,2025-04-23,540.43,545.43,533.88,535.42,90590658.0,48504050106.35999
SPY_S&P500,2025-04-24,536.715,547.43,535.4504,546.69,64150418.0,35070392016.420006
SPY_S&P500,2025-04-25,546.65,551.05,543.69,550.64,61119590.0,33654891037.6
SPY_S&P500,2025-04-28,551.39,553.55,545.02,550.85,47613755.0,26228036941.75
SPY_S&P500,2025-04-29,548.91,555.45,548.55,554.32,47775121.0,26482705072.72
SPY_S&P500,2025-04-30,547.57,556.52,541.52,554.54,93101463.0,51628485292.02
SPY_S&P500,2025-05-01,560.37,564.0699,557.86,558.47,63186146.0,35287566956.62
SPY_S&P500,2025-05-02,564.73,568.38,562.38,566.76,60717270.0,34412119945.2
SPY_S&P500,2025-05-05,562.57,566.65,561.7,563.51,38659222.0,21784858189.22
SPY_S&P500,2025-05-06,557.93,563.3476,556.96,558.8,48264708.0,26970318830.399998
SPY_S&P500,2025-05-07,560.15,563.82,556.04,561.15,55733229.0,31274701453.35
SPY_S&P500,2025-05-08,565.24,570.31,561.7,565.06,65130787.0,36802802502.21999
SPY_S&P500,2025-05-09,566.48,567.5,562.7637,564.34,37603427.0,21221117993.18
SPY_S&P500,2025-05-12,581.47,583.0,577.04,582.99,78993570.0,46052461374.3
SPY_S&P500,2025-05-13,583.41,589.08,582.84,586.84,67947225.0,39874149519.0
SPY_S&P500,2025-05-14,587.81,588.98,585.535,587.59,66283531.0,38947539980.29
SPY_S&P500,2025-05-15,585.56,590.97,585.0969,590.46,71268145.0,42080988896.700005
SPY_S&P500,2025-05-16,591.25,594.5,589.28,594.2,76052101.0,45190158414.200005
SPY_S&P500,2025-05-19,588.1,595.54,588.1,594.85,68168509.0,40550037578.65
SPY_S&P500,2025-05-20,593.09,594.05,589.6,592.85,60614492.0,35935301582.200005
SPY_S&P500,2025-05-21,588.44,592.58,581.82,582.86,95197657.0,55486906359.020004
SPY_S&P500,2025-05-22,582.66,586.62,581.405,583.09,70860417.0,41318000548.53
SPY_S&P500,2025-05-23,575.98,581.8101,575.6,579.11,76029046.0,44029180829.06
SPY_S&P500,2025-05-27,586.07,591.31,578.43,591.15,72588475.0,42910676996.25
SPY_S&P500,2025-05-28,591.56,592.7688,586.985,587.73,68445512.0,40227480767.76
SPY_S&P500,2025-05-29,593.06,593.2,586.07,590.05,70073758.0,41347020907.899994
SPY_S&P500,2025-05-30,588.93,591.1299,583.235,589.39,90601242.0,53399466022.38
SPY_S&P500,2025-06-02,587.76,592.79,585.06,592.71,61630502.0,36529014840.420006
SPY_S&P500,2025-06-03,592.34,597.08,591.85,596.09,63606204.0,37915022142.36
SPY_S&P500,2025-06-04,596.96,597.95,595.49,595.93,57314199.0,34155250610.069996
SPY_S&P500,2025-06-05,597.63,599.0,591.05,593.05,92436397.0,54819405240.85
SPY_S&P500,2025-06-06,598.66,600.83,596.86,599.14,66588743.0,39895979481.02
SPY_S&P500,2025-06-09,599.72,601.25,598.49,599.68,53016418.0,31792885546.239998
SPY_S&P500,2025-06-10,600.22,603.47,599.09,603.08,66246973.0,39952224476.840004
SPY_S&P500,2025-06-11,604.19,605.06,599.27,601.36,73658225.0,44295110186.0
SPY_S&P500,2025-06-12,600.01,603.75,599.52,603.75,64129003.0,38717885561.25
SPY_S&P500,2025-06-13,598.5,601.85,595.48,597.0,89505996.0,53435079612.0
SPY_S&P500,2025-06-16,600.4,604.45,600.22,602.68,79984125.0,48204832454.99999
SPY_S&P500,2025-06-17,600.21,601.75,596.76,597.53,82209365.0,49122561868.45
SPY_S&P500,2025-06-18,598.44,601.22,596.47,597.44,76605029.0,45766908525.76
SPY_S&P500,2025-06-20,598.38,599.46,592.86,594.28,94051374.0,55892850540.72
SPY_S&P500,2025-06-23,595.04,600.54,591.89,600.15,87426039.0,52468737305.85
SPY_S&P500,2025-06-24,604.33,607.8499,603.41,606.78,67735293.0,41100421086.54
SPY_S&P500,2025-06-25,607.91,608.61,605.54,607.12,62114767.0,37711117341.04
SPY_S&P500,2025-06-26,608.99,612.31,608.37,611.87,78548361.0,48061385645.07
SPY_S&P500,2025-06-27,612.88,616.39,610.83,614.91,86258398.0,53041151514.18
SPY_S&P500,2025-06-30,617.38,619.22,615.04,617.85,92502541.0,57152694956.85
SPY_S&P500,2025-07-01,616.36,618.83,615.52,617.65,70030140.0,43254115971.0
SPY_S&P500,2025-07-02,617.24,620.49,616.61,620.45,66510374.0,41266361548.3
SPY_S&P500,2025-07-03,622.45,626.28,622.43,625.34,51065789.0,31933480493.260002
SPY_S&P500,2025-07-07,623.36,624.03,617.87,620.68,74814505.0,46435866963.399994
SPY_S&P500,2025-07-08,621.35,622.11,619.52,620.34,59024585.0,36615311058.9
SPY_S&P500,2025-07-09,622.77,624.72,620.9105,624.06,66113326.0,41258682223.56
SPY_S&P500,2025-07-10,624.2,626.8701,623.01,625.82,57528960.0,36002773747.200005
SPY_S&P500,2025-07-11,622.74,624.86,621.53,623.62,63670226.0,39706026338.12
SPY_S&P500,2025-07-14,623.16,625.1581,621.7999,624.81,51898518.0,32426713031.579998
SPY_S&P500,2025-07-15,627.52,627.86,622.06,622.14,74317260.0,46235740136.4
SPY_S&P500,2025-07-16,623.74,624.73,618.05,624.22,88987511.0,55547784116.420006
SPY_S&P500,2025-07-17,624.4,628.4048,624.18,628.04,68885683.0,43262964351.32
SPY_S&P500,2025-07-18,629.3,629.47,626.46,627.58,65621645.0,41182831969.100006
SPY_S&P500,2025-07-21,628.77,631.54,628.34,628.77,63374984.0,39848288689.68
SPY_S&P500,2025-07-22,629.1,629.73,626.19,628.86,60046288.0,37760708671.68
SPY_S&P500,2025-07-23,631.55,634.21,629.73,634.21,70511036.0,44718804141.560005
SPY_S&P500,2025-07-24,634.6,636.15,633.99,634.42,71307134.0,45238671952.28
SPY_S&P500,2025-07-25,635.09,637.5799,634.84,637.1,56865364.0,36228923404.4
SPY_S&P500,2025-07-28,637.48,638.04,635.54,636.94,54917102.0,34978898947.880005
SPY_S&P500,2025-07-29,638.35,638.67,634.335,635.26,60556278.0,38468981162.28
SPY_S&P500,2025-07-30,635.92,637.68,631.54,634.46,80418851.0,51022544205.46001
SPY_S&P500,2025-07-31,639.455,639.85,630.765,632.08,103385246.0,65347746291.68001
SPY_S&P500,2025-08-01,626.3,626.34,619.29,621.72,140103572.0,87105192783.84
SPY_S&P500,2025-08-04,625.67,631.215,625.58,631.17,73218015.0,46213014527.549995
SPY_S&P500,2025-08-05,631.79,632.6052,627.04,627.97,68051401.0,42734238285.97
SPY_S&P500,2025-08-06,629.05,633.44,628.13,632.78,64357525.0,40724154669.5
SPY_S&P500,2025-08-07,636.24,636.98,629.11,632.25,74205791.0,46916611359.75
SPY_S&P500,2025-08-08,634.06,637.645,633.74,637.18,64051626.0,40812415054.68
SPY_S&P500,2025-08-11,637.46,638.95,634.66,635.92,58742300.0,37355403416.0
SPY_S&P500,2025-08-12,638.29,642.85,636.79,642.69,64821798.0,41660321356.62
SPY_S&P500,2025-08-13,644.91,646.19,642.68,644.89,60092790.0,38753239343.1
SPY_S&P500,2025-08-14,642.79,645.62,642.34,644.95,59327466.0,38263249196.700005
SPY_S&P500,2025-08-15,645.99,646.09,642.5153,643.44,68592507.0,44135162704.08
SPY_S&P500,2025-08-18,642.86,644.0,642.18,643.3,43804914.0,28179701176.199997
SPY_S&P500,2025-08-19,643.12,644.105,638.48,639.81,69750731.0,44627215201.10999
SPY_S&P500,2025-08-20,639.4,639.66,632.95,638.11,88890298.0,56721788056.78
SPY_S&P500,2025-08-21,636.28,637.97,633.81,635.55,54805775.0,34831810301.25
SPY_S&P500,2025-08-22,637.76,646.5,637.25,645.31,84083214.0,54259738826.34
SPY_S&P500,2025-08-25,644.04,645.29,642.35,642.47,51274332.0,32942220080.04
SPY_S&P500,2025-08-26,642.2,645.51,641.57,645.16,51581565.0,33278362475.399998
SPY_S&P500,2025-08-27,644.57,647.37,644.42,646.63,48341069.0,31258785447.47
SPY_S&P500,2025-08-28,647.24,649.48,645.34,648.92,61519461.0,39921208632.119995
SPY_S&P500,2025-08-29,647.47,647.84,643.14,645.05,74522192.0,48070539949.6
SPY_S&P500,2025-09-02,637.5,640.49,634.92,640.27,81983545.0,52491604357.15
SPY_S&P500,2025-09-03,642.67,644.21,640.46,643.74,70820898.0,45590244878.520004
SPY_S&P500,2025-09-04,644.42,649.15,643.51,649.12,65219228.0,42335105279.36
SPY_S&P500,2025-09-05,651.48,652.21,643.33,647.24,85178935.0,55131213889.4
SPY_S&P500,2025-09-08,648.62,649.84,647.23,648.83,63133104.0,40962651868.32
SPY_S&P500,2025-09-09,648.97,650.86,647.22,650.33,66133856.0,43008830572.48
SPY_S&P500,2025-09-10,653.62,654.55,650.63,652.21,78034529.0,50894900159.090004
SPY_S&P500,2025-09-11,654.18,658.33,653.59,657.63,69934360.0,45990933166.8
SPY_S&P500,2025-09-12,657.6,659.11,656.9,657.41,72780135.0,47846388550.35
SPY_S&P500,2025-09-15,659.64,661.04,659.34,660.91,63772412.0,42147824814.92
SPY_S&P500,2025-09-16,661.47,661.78,659.21,660.0,61168953.0,40371508980.0
SPY_S&P500,2025-09-17,660.01,661.72,654.3,659.18,101952244.0,67204880199.92
SPY_S&P500,2025-09-18,661.89,664.89,660.27,662.26,90459242.0,59907537606.92
SPY_S&P500,2025-09-19,662.33,664.55,660.37,663.7,97945620.0,65006507994.00001
SPY_S&P500,2025-09-22,662.2,667.29,662.17,666.84,69452201.0,46313505714.840004
SPY_S&P500,2025-09-23,666.72,667.34,661.98,663.21,81708872.0,54190140999.12
SPY_S&P500,2025-09-24,664.51,664.61,659.67,661.1,68082229.0,45009161591.9
SPY_S&P500,2025-09-25,657.94,659.4056,654.405,658.05,89622067.0,58975801189.35
SPY_S&P500,2025-09-26,659.51,662.37,657.88,661.82,69179209.0,45784184100.380005
SPY_S&P500,2025-09-29,664.36,665.28,661.86,663.68,73499015.0,48779826275.2
SPY_S&P500,2025-09-30,662.93,666.65,661.61,666.18,86288028.0,57483358493.03999
SPY_S&P500,2025-10-01,663.17,669.37,663.06,668.45,72545369.0,48492951908.05
SPY_S&P500,2025-10-02,670.45,670.565,666.78,669.22,56895993.0,38075936435.46
SPY_S&P500,2025-10-03,669.99,672.675,668.16,669.21,70494350.0,47175523963.5
SPY_S&P500,2025-10-06,671.62,672.51,669.455,671.61,54623260.0,36685527648.6
SPY_S&P500,2025-10-07,672.54,672.99,667.67,669.12,72020067.0,48190067231.04
SPY_S&P500,2025-10-08,670.25,673.2056,669.42,673.11,60702241.0,40859285439.51
SPY_S&P500,2025-10-09,673.53,673.94,669.21,671.16,66501941.0,44633442721.56
SPY_S&P500,2025-10-10,672.13,673.95,652.84,653.02,159422589.0,104106139068.78
SPY_S&P500,2025-10-13,660.65,665.13,659.7679,663.04,79560517.0,52751805191.68
SPY_S&P500,2025-10-14,657.17,665.83,653.17,662.23,88779560.0,58792488018.8
SPY_S&P500,2025-10-15,666.82,670.23,658.93,665.17,81702555.0,54346088509.35
SPY_S&P500,2025-10-16,666.82,668.71,657.11,660.64,110563346.0,73042568901.44
SPY_S&P500,2025-10-17,659.5,665.755,658.14,664.39,96500870.0,64114213019.299995
SPY_S&P500,2025-10-20,667.32,672.21,667.27,671.3,60493350.0,40609185855.0
SPY_S&P500,2025-10-21,671.44,672.99,669.981,671.29,56249034.0,37759414033.86
SPY_S&P500,2025-10-22,672.0,672.0,663.3,667.8,80564006.0,53800643206.799995
SPY_S&P500,2025-10-23,668.12,672.7101,667.8,671.76,65604461.0,44070452721.36
SPY_S&P500,2025-10-24,676.46,678.47,675.65,677.25,74356527.0,50357957910.75
SPY_S&P500,2025-10-27,682.73,685.54,682.115,685.24,63339790.0,43402957699.6
SPY_S&P500,2025-10-28,687.05,688.905,684.83,687.06,61738073.0,42417760435.38
SPY_S&P500,2025-10-29,688.72,689.7,682.87,687.39,85362207.0,58677127469.729996
SPY_S&P500,2025-10-30,683.9,685.94,679.83,679.83,76335751.0,51895333602.33
SPY_S&P500,2025-10-31,685.04,685.08,679.24,682.06,87164122.0,59451161051.31999
SPY_S&P500,2025-11-03,685.67,685.8,679.94,683.34,57315025.0,39165649183.5
SPY_S&P500,2025-11-04,676.11,679.96,674.58,675.24,78426969.0,52957026547.56
SPY_S&P500,2025-11-05,674.98,680.86,674.17,677.58,74402376.0,50413561930.08
SPY_S&P500,2025-11-06,676.47,677.38,668.72,670.31,85035298.0,57000010602.38
SPY_S&P500,2025-11-07,667.91,671.08,661.205,670.97,100592443.0,67494511479.71
SPY_S&P500,2025-11-10,677.235,682.18,675.03,681.44,75842888.0,51682377598.72
SPY_S&P500,2025-11-11,679.95,683.57,678.73,683.0,58953385.0,40265161955.0
SPY_S&P500,2025-11-12,684.79,684.96,680.945,683.38,62312484.0,42583105315.92
SPY_S&P500,2025-11-13,680.5,680.86,670.52,672.04,103457788.0,69527771847.51999
SPY_S&P500,2025-11-14,665.38,675.66,663.265,671.93,96846672.0,65074184316.95999
SPY_S&P500,2025-11-17,669.7,673.71,662.17,665.67,90456105.0,60213915415.35
SPY_S&P500,2025-11-18,662.095,665.12,655.86,660.08,114467488.0,75557699479.04001
SPY_S&P500,2025-11-19,660.78,667.34,658.745,662.63,94702955.0,62753019071.65
SPY_S&P500,2025-11-20,672.91,675.56,651.89,652.53,165293521.0,107858981258.12999
SPY_S&P500,2025-11-21,655.05,664.55,650.85,659.03,123956203.0,81690856463.09
SPY_S&P500,2025-11-24,662.69,670.06,661.59,668.73,80437940.0,53791263616.200005
SPY_S&P500,2025-11-25,668.63,676.21,664.48,675.02,81077088.0,54728655941.76
SPY_S&P500,2025-11-26,677.63,681.7,676.72,679.68,71879597.0,48855124488.96
SPY_S&P500,2025-11-28,680.86,683.665,680.5,683.39,49212030.0,33631009181.7
SPY_S&P500,2025-12-01,678.81,682.99,678.74,680.27,61201193.0,41633335562.11
SPY_S&P500,2025-12-02,681.92,683.82,679.3275,681.53,62953844.0,42904933301.32
SPY_S&P500,2025-12-03,680.57,684.91,679.69,683.89,57238481.0,39144824771.09
SPY_S&P500,2025-12-04,685.3,685.37,681.34,684.39,61970336.0,42411878255.04
SPY_S&P500,2025-12-05,685.47,688.39,684.58,685.69,79241045.0,54334792146.05
SPY_S&P500,2025-12-08,686.59,686.64,681.57,683.63,55231462.0,37757884367.06
SPY_S&P500,2025-12-09,683.15,685.385,682.59,683.04,58310055.0,39828099967.2
SPY_S&P500,2025-12-10,682.56,688.97,681.31,687.57,85671334.0,58905039118.380005
SPY_S&P500,2025-12-11,685.14,689.25,682.165,689.17,86173678.0,59388313667.259995
SPY_S&P500,2025-12-12,688.17,688.88,679.1744,681.76,113160347.0,77148198170.72
SPY_S&P500,2025-12-15,685.74,685.76,679.25,680.73,90810952.0,61817739354.96
SPY_S&P500,2025-12-16,679.23,681.08,674.98,678.87,122030631.0,82842934466.97
SPY_S&P500,2025-12-17,679.89,680.435,671.195,671.4,110625198.0,74273757937.2
SPY_S&P500,2025-12-18,677.6,680.74,674.9,676.47,108650128.0,73498552088.16
SPY_S&P500,2025-12-19,676.59,681.09,676.47,680.59,103599543.0,70508812970.37001
SPY_S&P500,2025-12-22,683.94,685.36,680.5868,684.83,69556733.0,47634537460.39
SPY_S&P500,2025-12-23,683.92,688.2,683.87,687.96,64839951.0,44607292689.96
SPY_S&P500,2025-12-24,687.95,690.83,687.8,690.38,39445560.0,27232425712.8
SPY_S&P500,2025-12-26,690.64,691.66,689.27,690.31,41613347.0,28726109567.569996
SPY_S&P500,2025-12-29,687.54,689.2,686.07,687.85,62559503.0,43031554138.55
SPY_S&P500,2025-12-30,687.445,688.555,686.58,687.01,47160671.0,32399852583.71
SPY_S&P500,2025-12-31,687.14,687.36,681.71,681.92,74144801.0,50560822697.92
SPY_S&P500,2026-01-02,685.71,686.87,679.82,683.17,89377203.0,61059823773.509995
SPY_S&P500,2026-01-05,686.54,689.43,686.375,687.72,71927191.0,49465767794.520004
SPY_S&P500,2026-01-06,687.93,692.315,687.78,691.81,69273827.0,47924326256.869995
SPY_S&P500,2026-01-07,692.19,693.96,689.32,689.58,75588337.0,52124205428.46001
SPY_S&P500,2026-01-08,688.82,690.615,687.49,689.51,64019200.0,44141878592.0
SPY_S&P500,2026-01-09,690.63,695.31,689.18,694.07,80125467.0,55612682880.69
SPY_S&P500,2026-01-12,690.68,696.09,690.63,695.16,63976002.0,44473557550.32
SPY_S&P500,2026-01-13,695.49,696.09,691.35,693.77,78309726.0,54328938607.02
SPY_S&P500,2026-01-14,691.0,691.72,686.04,690.36,94676684.0,65360995566.24
SPY_S&P500,2026-01-15,694.57,695.45,691.25,692.24,77861974.0,53899172881.76
SPY_S&P500,2026-01-16,693.66,694.25,690.1,691.66,79289200.0,54841168072.0
SPY_S&P500,2026-01-20,681.49,684.77,676.57,677.58,111623277.0,75633700029.66
SPY_S&P500,2026-01-21,679.65,688.735,678.13,685.4,127844467.0,87624597681.8
SPY_S&P500,2026-01-22,689.85,691.125,686.92,688.98,77112243.0,53128793182.14
SPY_S&P500,2026-01-23,688.15,690.96,687.16,689.23,63059578.0,43462552944.94
SPY_S&P500,2026-01-26,690.49,694.13,689.92,692.73,60473813.0,41892024479.49
SPY_S&P500,2026-01-27,694.18,696.53,693.57,695.49,55506147.0,38603970177.03
SPY_S&P500,2026-01-28,697.05,697.84,693.94,695.42,61172165.0,42540346984.299995
SPY_S&P500,2026-01-29,696.39,697.06,684.83,694.04,97486198.0,67659320859.92
SPY_S&P500,2026-01-30,691.79,694.21,687.12,691.97,101835131.0,70466855598.07
SPY_S&P500,2026-02-02,689.58,696.93,689.425,695.41,79286458.0,55136595757.78
SPY_S&P500,2026-02-03,696.21,696.96,684.03,689.53,107904611.0,74403466422.83
SPY_S&P500,2026-02-04,690.35,691.45,681.76,686.19,105204600.0,72190344474.0
SPY_S&P500,2026-02-05,680.94,683.69,675.79,677.62,113610812.0,76984958427.44
SPY_S&P500,2026-02-06,681.46,692.31,680.85,690.62,89127566.0,61553279630.92
SPY_S&P500,2026-02-09,689.42,695.87,688.34,693.95,73885192.0,51272628988.4
SPY_S&P500,2026-02-10,694.95,696.54,691.66,692.12,65185725.0,45116343987.0
SPY_S&P500,2026-02-11,696.39,697.14,689.18,691.96,76353872.0,52833825269.12
SPY_S&P500,2026-02-12,694.24,695.35,680.37,681.27,118828963.0,80954607623.01
SPY_S&P500,2026-02-13,681.69,686.28,677.52,681.75,96267487.0,65630359262.25
SPY_S&P500,2026-02-17,680.14,684.94,675.78,682.85,81354660.0,55553029581.0
SPY_S&P500,2026-02-18,684.02,689.15,682.83,686.29,73570341.0,50490589324.89
SPY_S&P500,2026-02-19,683.84,686.18,681.5475,684.48,58649363.0,40144315986.24
SPY_S&P500,2026-02-20,682.32,690.06,681.73,689.43,100033986.0,68966430967.98
SPY_S&P500,2026-02-23,687.83,690.0,680.371,682.39,90558087.165861,61795933101.111885
SPY_S&P500,2026-02-24,681.9,688.35,680.0,687.35,73798727.15384,50725555109.19193
SPY_S&P500,2026-02-25,690.18,693.68,690.1,693.15,56369479.067997,39072504415.98212
SPY_S&P500,2026-02-26,693.28,693.3,684.35,689.3,71670990.008025,49402813412.53163
SPY_S&P500,2026-02-27,683.09,686.86,681.64,685.99,83308868.984515,57149051034.68745
SPY_S&P500,2026-03-02,678.7,688.62,678.02,686.38,87477198.69359,60042599639.306305
SPY_S&P500,2026-03-03,675.06,682.61,669.66,680.33,105003113.374148,71436768121.8341
SPY_S&P500,2026-03-04,681.63,687.09,679.62,685.13,79182244.545392,54250131205.38442
SPY_S&P500,2026-03-05,682.08,685.53,675.61,681.31,106606464.921614,72632050615.74483
SPY_S&P500,2026-03-06,673.41,676.11,669.76,672.38,100686951.457708,67699892421.133705
SPY_S&P500,2026-03-09,666.39,679.92,662.39,678.27,102667711.038582,69636428366.139
SPY_S&P500,2026-03-10,677.72,683.36,674.76,677.18,81505315.849502,55193769786.96576
SPY_S&P500,2026-03-11,677.58,680.08,673.34,676.33,68441672.317886,46289156238.75584
SPY_S&P500,2026-03-12,671.16,671.65,665.87,666.06,108882246.682898,72522109225.61104
SPY_S&P500,2026-03-13,669.27,672.335,661.36,662.29,97200242.450889,64374748572.79928
SPY_S&P500,2026-03-16,668.38,672.07,667.12,669.03,82023130.110765,54875934738.005104
SPY_S&P500,2026-03-17,672.39,674.44,669.7,670.79,87128044.932692,58444621260.40047
SPY_S&P500,2026-03-18,668.36,669.72,661.19,661.43,82062576.584433,54278650030.241516
SPY_S&P500,2026-03-19,656.97,662.98,655.17,659.8,111272539.22716,73417621382.08017
SPY_S&P500,2026-03-20,656.51,656.69,644.72,648.57,163617522.898786,106117416826.46565
SPY_S&P500,2026-03-23,658.07,662.615,653.94,655.38,134802732.497249,88347014824.04706
SPY_S&P500,2026-03-24,651.32,657.03,649.88,653.18,96457478.294394,63004095672.33227
SPY_S&P500,2026-03-25,658.67,660.89,654.24,656.82,90653787.437476,59543220664.68298
SPY_S&P500,2026-03-26,652.06,654.85,644.82,645.09,96494375.141859,62247556460.261826
SPY_S&P500,2026-03-27,642.5,642.66,633.105,634.09,103649368.514115,65723028081.11519
SPY_S&P500,2026-03-30,640.11,640.37,629.28,631.97,99275851.398325,62739359808.19945
SPY_S&P500,2026-03-31,638.94,651.54,637.98,650.34,152534102.839604,99199028440.70807
SPY_S&P500,2026-04-01,653.9,658.52,653.0,655.24,97841472.332028,64109646330.83803
SPY_S&P500,2026-04-02,646.42,658.2,645.11,655.83,68358713.798754,44831695270.63684
SPY_S&P500,2026-04-06,655.86,659.72,655.52,658.93,39105758.985233,25767957768.13958
SPY_S&P500,2026-04-07,656.65,659.61,651.06,659.22,69980362.214976,46132454379.356476
SPY_S&P500,2026-04-08,676.39,677.08,671.46,676.01,93606114.539743,63278669490.011665
SPY_S&P500,2026-04-09,674.84,681.16,673.77,679.91,57134445.129013,38846280587.66723
SPY_S&P500,2026-04-10,681.32,682.03,678.45,679.46,42253456.504923,28709533556.834984
SPY_S&P500,2026-04-13,677.41,686.3,676.58,686.1,54185819.713632,37176890905.52292
SPY_S&P500,2026-04-14,687.69,694.58,687.66,694.46,63480529.152439,44084688275.20279
SPY_S&P500,2026-04-15,695.26,700.28,694.2,699.94,58240384.193547,40764774512.43129
SPY_S&P500,2026-04-16,701.06,702.78,698.53,701.66,49972363.544464,35063608604.60861
SPY_S&P500,2026-04-17,706.14,712.39,705.76,710.14,70661926.525697,50179860502.95846
SPY_S&P500,2026-04-20,708.78,709.91,706.14,708.72,43546812.254513,30862496781.018456
SPY_S&P500,2026-04-21,710.28,711.275,702.64,704.08,58941384.897666,41499450278.74868
SPY_S&P500,2026-04-22,709.15,711.45,708.22,711.21,42518498.41785,30239581259.7591
SPY_S&P500,2026-04-23,709.5,712.3598,702.2803,708.45,56173990.995762,39796463920.94759
SPY_S&P500,2026-04-24,710.75,714.47,709.01,713.94,45181957.231292,32257206545.708614
SPY_S&P500,2026-04-27,713.17,715.63,712.295,715.17,33135943.287389,23697832560.841988
SPY_S&P500,2026-04-28,711.815,712.88,709.25,711.69,43117436.90906,30686248673.808914
SPY_S&P500,2026-04-29,711.0,712.2,708.37,711.58,41859227.624982,29786189193.384693
SPY_S&P500,2026-04-30,714.63,719.79,710.445,718.66,67240949.268411,48323380601.236244
